timestamp,open,high,low,close
1639440000,4848.76,4848.76,4848.76,4848.76
1637712000,5398.79,5479.28,5360.64,5479.28
1613952000,2211.2,2219.63,2197.49,2197.49
1613347200,2301.16,2319.99,2129,2313.1799999999994
1613347140,2301.19,undefined,undefined,undefined
1613260800,2322.44,2360,2282.31,2304.17
1613174400,2339.3,2375,2258.58,2321.66
1613088000,2279.01,2370,2217.49,2350.23
1613001600,2216.23,2298.21,2176.41,2267.78
1613001540,2223.13,undefined,undefined,undefined
1612915200,2249.85,2310.01,2141,2210.68
1612915140,2247.08,undefined,undefined,undefined
1612828800,2225,2300,2154.41,2246.54
1612828740,2219.99,undefined,undefined,undefined
1612742400,2072.01,2249.89,2002.8399999999997,2220
1612742340,2072.01,undefined,undefined,undefined
1612656000,2148.7,2172.84,1919.13,2072.01
1612655940,2151.41,undefined,undefined,undefined
1612569600,2198,2222.22,2100.18,2151.41
1612569540,2200.01,undefined,undefined,undefined
1612483200,2051.45,2250,2033.3499999999997,2196.85
1612483140,2041.23,undefined,undefined,undefined
1612396800,2126.59,2168.14,2004.2699999999998,2041.23
1612310400,1944.35,2120,1930.04,2120
1612224000,1774.5200000000002,1977.0600000000002,1744.32,1938.07
1612137600,1661.7199999999998,1765.0000000000002,1630.02,1759.52
1612137540,1692.0699999999997,undefined,undefined,undefined
1612051200,1763.83,1769.71,1652.58,1687.52
1611964800,1780.57,1798.81,1707.47,1772.9
1611878400,1719.59,1836,1654.06,1779.79
1611878340,1711.07,undefined,undefined,undefined
1611792000,1605.12,1745,1566,1714.31
1611791940,1597.95,undefined,undefined,undefined
1611705600,1727.2199999999998,1730.56,1551.12,1597.95
1611705540,1727.22,undefined,undefined,undefined
1611619200,1683.18,1766.07,1585.02,1727.22
1611619140,1686.85,undefined,undefined,undefined
1611532800,1764.27,1867.99,1659.9999999999998,1686.85
1611532740,1773.7,undefined,undefined,undefined
1611446400,1553.9,1773.9,1553.9,1773.7
1611446340,1566.53,undefined,undefined,undefined
1611360000,1558.33,1615,1530,1566.53
1611359940,1572.85,undefined,undefined,undefined
1611273600,1390,1625,1306.79,1572.85
1611273540,1418.91,undefined,undefined,undefined
1611187200,1749.95,1755.15,1377.68,1425.09
1611187140,1742.38,undefined,undefined,undefined
1611100800,1718.38,1751.31,1580,1751.31
1611100740,1742.2199999999998,undefined,undefined,undefined
1611014400,1607.67,1825,1600.0000000000002,1745.2
1610928000,1586.64,1615,1522.54,1605.42
1610927940,1582.2000000000003,undefined,undefined,undefined
1610841600,1541.8600000000001,1615.0000000000002,1500,1583.78
1610841540,1571.02,undefined,undefined,undefined
1610755200,1510,1649.98,1484.99,1579.42
1610755140,1487.69,undefined,undefined,undefined
1610668800,1559.9999999999998,1582.56,1365.47,1487.69
1610668740,1550,undefined,undefined,undefined
1610582400,1457.27,1585,1394.85,1538.27
1610582340,1449.77,undefined,undefined,undefined
1610496000,1329.52,1472.69,1267.1,1443.54
1610495940,1328.29,undefined,undefined,undefined
1610409600,1382.2,1477.98,1294.46,1328.29
1610409540,1398.95,undefined,undefined,undefined
1610323200,1541,1563.16,1129.63,1398.8
1610236800,1646.22,1685.7,1401,1579.76
1610150400,1557.81,1611.34,1484.78,1611.34
1610150340,1533.67,undefined,undefined,undefined
1610064000,1556.32,1580,1350.9,1542
1610063940,1555.76,undefined,undefined,undefined
1609977600,1415,1609.99,1350.13,1555.76
1609977540,1410.99,undefined,undefined,undefined
1609891200,1326.09,1455,1250.01,1410.99
1609804800,1278,1350,1167.44,1350
1609718400,1198,1288,996.9999999999999,1257.42
1609632000,958.1,1200,915,1194.86
1609631940,931.7,undefined,undefined,undefined
1609545600,908.87,968,897,931.7
1609545540,912.83,undefined,undefined,undefined
1609459200,928.76,943.84,895,912.83
1609459140,928.76,undefined,undefined,undefined
1609372800,965,965,914,928.76
1609372740,960.44,undefined,undefined,undefined
1609286400,945.8,967.61,916.54,960.44
1609286340,942.2699999999999,undefined,undefined,undefined
1609200000,944,950,885.85,938.18
1609199940,943.13,undefined,undefined,undefined
1609113600,871.32,962,871.32,943.13
1609113480,870.97,undefined,undefined,undefined
1609027200,825.39,914.7,807.95,879.28
1609027140,821.84,undefined,undefined,undefined
1608940800,812.07,844.76,797.95,820.31
1608940740,812.07,undefined,undefined,undefined
1608854400,790.8,814.7600000000001,782.92,812.07
1608854340,790.8,undefined,undefined,undefined
1608768000,745.37,793.62,733.92,791.2
1608767940,754.05,undefined,undefined,undefined
1608681600,815.7800000000001,824.41,727.77,754.05
1608595200,784.27,821.94,760,821.94
1608508800,802.9300000000001,821.74,767,785.15
1608422400,838.61,838.61,790.03,800.01
1608336000,838.65,849.22,819.57,838.61
1608249600,814.1599999999999,842.91,807.6500000000001,841.84
1608163200,825,863.0000000000001,800.01,822.82
1608076800,748.4,819.73,740.26,819.73
1608076740,748.4,undefined,undefined,undefined
1607990400,751.72,760.0000000000001,740.18,748.4
1607904000,756.52,759.69,738.1,750.85
1607817600,730.69,761.86,723.23,756.52
1607731200,696.77,734.99,696.77,730.69
1607644800,718.82,718.82,686.61,700.32
1607558400,740,741.08,700.09,718.82
1607472000,716.7300000000001,744.12,686.79,740
1607385600,760.82,763.7500000000001,710,716.7300000000001
1607385540,758,undefined,undefined,undefined
1607299200,773.49,775.25,750.08,758
1607212800,764.64,782.53,750,773.49
1607126400,731.28,769.87,724,764.64
1607040000,794.31,801.49,730,730
1606953600,777.88,804.93,761.6,798.29
1606867200,765.84,784.26,752.4699999999999,784.26
1606780800,801,821.9999999999999,743.8100000000001,765.84
1606694400,758.8999999999999,800,747.76,799
1606608000,703.31,754.6799999999998,698,752.16
1606521600,677.16,719.99,668.37,708.93
1606435200,677.86,696.61,648.02,677.16
1606348800,742.78,756.38,620.96,677.86
1606262400,789.9999999999999,790,726.49,746.01
1606176000,796.5300000000001,824.97,772.27,787.54
1606089600,733.99,799.97,720.01,796.5300000000001
1606003200,723.98,760.18,672.05,733.99
1605916800,657.96,723.98,657.96,723.98
1605916740,667.59,undefined,undefined,undefined
1605830400,622.93,670,620.78,667.59
1605744000,631.18,634.99,611.21,622.93
1605657600,634.38,649.88,598,631.18
1605571200,609.07,639.35,607.66,636.8
1605484800,595.56,613.2,590.15,609.07
1605398400,615.04,615.44,586,595.56
1605312000,630,632.72,595.08,615.04
1605225600,612.49,633.09,610,629.99
1605139200,608.52,617.05,595.05,612.49
1605052800,591.29,626.75,590.55,608.52
1604966400,580.5,593.46,569.42,591.29
1604880000,592.56,598.23,566.26,580.5
1604793600,569.85,602.52,567.32,592.56
1604707200,599.05,613.99,555.09,569.85
1604620800,546.67,600,546.67,599.05
1604534400,530.66,550,523.16,546.67
1604448000,509.0799999999999,535,502.77,530.66
1604361600,511.78,512.53,495,509.0799999999999
1604275200,530.86,540,507,511.78
1604188800,515.59,530.86,513.77,530.86
1604102400,513.24,524.93,509.99999999999994,515.59
1604041200,509.59000000000003,undefined,undefined,undefined
1604016000,509.59000000000003,514.99,493.09,513.24
1603929600,517.85,525.5,508.76000000000005,516.94
1603843200,529.97,537.82,506.73999999999995,517.85
1603843140,531.33,undefined,undefined,undefined
1603756800,519.74,537.07,515.76,531.33
1603756740,519.74,undefined,undefined,undefined
1603670400,535.69,539.77,505.00999999999993,519.74
1603670340,535.69,undefined,undefined,undefined
1603584000,543.22,547.28,530,535.69
1603583940,543.22,undefined,undefined,undefined
1603497600,540.88,570,534.48,543.22
1603497540,540.88,undefined,undefined,undefined
1603411200,549.23,552.27,530.82,540.88
1603411140,549.23,undefined,undefined,undefined
1603324800,515.41,565.76,515.41,549.23
1603238400,484.02,529.98,484.02,517.84
1603152000,497.94,503.14,483.61,484.02
1603065600,500.92999999999995,506.51,490.56,497.94
1602979200,488.13,500.92999999999995,483.24,500.92999999999995
1602892800,484.91999999999996,489.65000000000003,482.0799999999999,488.13
1602806400,501.1,505.28000000000003,482,484.92
1602720000,500.6,506.09000000000003,492,501.08
1602633600,501.8500000000001,510.42,492.36,500.6
1602547200,506.69,509.4,492.04,501.8500000000001
1602460800,493.43999999999994,524.71,481.5,506.69
1602374400,487.86,493.77,484.69,493.43999999999994
1602288000,479.61,493.97999999999996,478.99,487.86
1602201600,463.37,481.08,459.3299999999999,479.61
1602115200,455.1,465.32000000000005,445,463.37
1602028800,454.21,455.89,446.44,455.1
1602028740,454.21,undefined,undefined,undefined
1601942400,471,472,450,454.21
1601856000,468.94,476.53,465.68,470.81
1601855940,468.94,undefined,undefined,undefined
1601769600,460.34,471.01,460.3399999999999,468.94
1601683200,459.77,469.23,456.37,460.34
1601596800,469.57,471.6,447.97999999999996,459.77
1601510400,481.67999999999995,492.00000000000006,461.8,469.57
1601424000,483.49,483.49000000000007,473.01,481.67999999999995
1601337600,470.01,484.27,468.16,483.49
1601251200,479,490,470.01,470.01
1601164800,474.71,484.65999999999997,465.00999999999993,478.27
1601078400,469.69,475.87,465.85,474.71
1600992000,467.58,480.53000000000003,452.7,469.69
1600905600,431.38,470,422.41,467.58
1600819200,460.38,462.36000000000007,427.55,431.38
1600732800,460.57,467.00000000000006,433,460.38
1600646400,492.1,501.42999999999995,447.51,460.57
1600646340,492.1,undefined,undefined,undefined
1600560000,512.85,512.85,487.21,492.1
1600473600,510,515,500,512.85
1600387200,514.02,520.45,499.31000000000006,510
1600300800,483.65,521,483.0899999999999,514.02
1600214400,483.59,492.33,470.92,483.65
1600128000,498.63,503.55,480.2,483.59
1600041600,489.03999999999996,508.54,477.3299999999999,498.63
1599955200,515,517.08,471.99999999999994,489.03999999999996
1599868800,499.88999999999993,515,489.33,515
1599782400,487.59,500.6,473,499.88999999999993
1599696000,468.71,501.24,468.71,487.59
1599695940,465.97,undefined,undefined,undefined
1599609600,449.81,475.68000000000006,443.18,465.97
1599523200,465.95000000000005,470,436.96,449.81
1599436800,465.47,472,430.52,465.95000000000005
1599350400,441.15000000000003,472.07000000000005,419.94,465.47
1599264000,511.01000000000005,520.4,411.2,439.99999999999994
1599177600,509.18999999999994,566.65,485,511.01000000000005
1599091200,577.4,592.2,496.07,509.18999999999994
1599004800,621.96,630,556.5,577.4
1598918400,568.79,640,564.32,623.54
1598832000,564.67,573.73,550,568.79
1598745600,525.96,565.13,525.96,564.35
1598659200,522.15,532.84,518.01,525.96
1598572800,506.02,523.34,504.19,522.15
1598486400,512.03,520,491.71,506.02
1598400000,507.46,519.89,502.64,512.03
1598313600,546,546,493.29,507.46
1598227200,521.68,546,515,546
1598140800,527.98,527.98,512.14,521.68
1598054400,515.87,529.33,504.56,527.98
1597968000,552.47,555.29,512.01,515.87
1597881600,539.95,555.92,537.64,552.47
1597795200,558.82,564.34,521.61,539.95
1597708800,572.17,576.54,517.75,559.73
1597622400,578.59,596.57,561.68,572.17
1597536000,578,581.82,550.82,578.59
1597449600,584.18,588.89,570.59,578
1597363200,562.64,592.27,555.72,582.39
1597276800,515.43,570,505.58,562.64
1597190400,506.48,518.33,493.34,515.43
1597104000,528.35,530.68,492.76,506.15000000000003
1597017600,524.48,535.89,518.83,528.67
1596931200,532.13,535,515.85,524.48
1596844800,509.41999999999996,530,506.19999999999993,530
1596758400,527.58,532.84,486.01,509.41999999999996
1596672000,533.61,536.48,521.37,527.58
1596585600,517.05,540,512.96,533.61
1596499200,518.03,537.32,511.19,517.05
1596412800,495.38,532.13,495,518.03
1596326400,519.99,553.79,442.32,495.38
1596240000,465.19000000000005,527.65,461.63999999999993,519.99
1596153600,450,468.6000000000001,443.13,465.19000000000005
1596067200,427.26,459.12,419.37,450
1595980800,424.52000000000004,434.18,418.57,427.26
1595894400,415,434.86,406,424.52
1595808000,416.39,440,405.8,428.98
1595721600,408.67,424,400.71,416.39
1595635200,375.01,412.71,375.01,408.67
1595548800,366.81,383.8299999999999,359.63,375.01
1595462400,353.84,374.34,347.3,366.81
1595376000,330.25,359.13,326.62,353.84
1595289600,321.37,332.51,321.13,330.25
1595203200,325.99000000000007,326.04,319.5,321.37
1595116800,320.75,325.99000000000007,318.24,325.99000000000007
1595030400,317.23,322.14,316.31,320.75
1594944000,318.85,318.87,315.82,317.29
1594857600,324.13,324.46,312.45,318.85
1594771200,327.67,328.21,321.44,324.13
1594684800,326.45,330.45,324.09,327.67
1594598400,330.84000000000003,332.84,324,326.45
1594512000,327.01,332.2,323.37000000000006,332.2
1594425600,328.99,329.21,321.96,327.29
1594339200,328.64,329.21,321.96,326.79
1594252800,334.11,334.81,324.21,328.64
1594166400,326.51,336.12,324.59,334.61
1594080000,327.24,329.75,319.69,325.56
1593993600,309.63,327.32,308,327.24
1593907200,312.03,312.5,304.64,309.63
1593820800,306.26,313.5,306.14,312.03
1593734400,308.62,311.13,305.91,306.26
1593648000,314.75,316.56,305.19,308.62
1593561600,306.6,316.7300000000001,305,314.75
1593475200,313.5,313.5,305.81,306.6
1593388800,308.33,314.17,304.77,313.5
1593302400,304.56,312.81,300,308.33
1593216000,315.42,316.41,297.09,304.56
1593129600,318.96,319.44,313.27,315.42
1593043200,321.51,322.11,309.91,318.96
1592956800,329.53,337.11,316.8,321.51
1592870400,329.47,331.48,326.12,329.53
1592784000,311.85,332.8,311.85,329.47
1592697600,313.41,316.3,309.78,311.85
1592611200,311.8,314.53,308.45,313.41
1592524800,317.14,317.14,309.65,311.8
1592438400,319.41,319.68,311.91,317.14
1592352000,319.89,319.89,311.79,319.41
1592265600,314.62,320.25,309.88,319.89
1592179200,316.65,317.76,300,314.62
1592092800,325.84,325.84000000000003,315.3,316.65
1592006400,324.76,325.89,321.82,325.84
1591920000,316.48,325.36,315.28,324.76
1591833600,333.29,336.44,312.95,317.16
1591747200,328.69,335.02,326.6,333.29
1591660800,333.89,333.89,323.13,328.69
1591574400,328.07,332.76,323.6,330.7
1591488000,326.99,329.17,317.62,328.07
1591401600,325.39,329.71,322.35,326.99
1591315200,331.25,333.75,322.53,325.39
1591228800,330.44,336.42,321.49,331.25
1591142400,324.1,331.97,318.88,330.44
1591056000,338.39,344.66,310,324.1
1590969600,320.3,340,318.8,337.42
1590883200,336.59,339.99,318.8,320.3
1590796800,305.95,338.87,302.51,336.59
1590710400,303.23,309,300.21,305.95
1590624000,288.07,303.33,282.43,303.23
1590537600,279.71,288.29,278.55,288
1590451200,287.36,288.8,275.28999999999996,279.71
1590364800,280.01,289.85,280,288.19
1590278400,291.82,296.87,280.04,282.91
1590192000,292.43,297.88,288.79,292.28
1590105600,279.69,294.59,276.13,292.43
1590019200,294.92,297.09,270,279.69
1589932800,298.38,300,289.69,294.92
1589846400,300.08,302.54,295.22,298.38
1589760000,293.67,306.39,292.44,300.08
1589673600,285.59,297,284.17,293.67
1589587200,275.41,287.81,274.4,285.59
1589500800,286.77,287.81,271.14,275.91
1589414400,283.4,291.27,278.58,286.77
1589328000,267.2,285.49,266.31,283.4
1589241600,264.9,272.69,264.24,267.2
1589155200,262.72,272.74,251,264.9
1589068800,296.13,296.13,255.05,262.72
1588982400,297.32,302.03,293.83,296.13
1588896000,299.2,303,290.3,297.32
1588809600,283.47,302.93,281.45,299.25
1588723200,288.52,299.81,283.47,283.47
1588636800,295.06,302.99000000000007,286.95,288.52
1588550400,300.43,300.67,277.53,295.06
1588464000,305.72,313,295,300.43
1588377600,303.33,307.64,302.18,305.72
1588291200,289.69,306.47,289.69,303.33
1588204800,303.17,317.87,283.4,289.69
1588118400,278,307.7,277.88,303.17
1588032000,278.22,279.48,274,279.1
1587945600,280.76,283.13,271.51,278.22
1587859200,276.83,282.14,274.59,280.75
1587772800,267.1,280.91,264.56,276.83
1587686400,262.52,270.13,260.61,267.1
1587600000,260.75,270.48,254.03999999999996,262.52
1587513600,244.5,261,244.5,260.75
1587427200,245.11,249.81999999999996,242.92999999999998,245.02999999999997
1587340800,256.28,264.53,240,245.11
1587254400,265.66,267,250,256.28
1587168000,243.49,266.91,241.18999999999997,265.66
1587081600,244.39,246.16,238.99,243.49
1586995200,219.44,246.72,211.09999999999997,243.45
1586908800,222.74,227,216.51999999999998,219.44
1586822400,220.43,226.1,218.05,222.74
1586736000,224.04999999999998,224.04999999999998,211.24,220.43
1586649600,223.86,232.61999999999998,218.04,224
1586563200,223.22,228.39000000000001,217.38999999999996,223.82000000000002
1586476800,239.09,240.06000000000003,215.8,223.22
1586390400,243.53,244.02,234.14,239.4
1586304000,230.13,245.1,229.84999999999997,243.53
1586217600,241.51,249.20000000000002,228.41,230.13
1586131200,205.19,241.51,205.19,241.51
1586044800,205.63,207.27,202.36,205.19
1585958400,202.26,207.06,198.25,205.63
1585872000,200.78,207.7,197.61,202.26
1585785600,195,211.75,192.69,200.03
1585699200,189.75,194.64,184.6,194.07
1585612800,189.25,191.02,186.28,189.75
1585526400,177.16,192.79,177.16,189.25
1585440000,186.17,186.17000000000002,174.99999999999997,177.16
1585353600,185.11,188.39,177.55,186.17
1585267200,194.73999999999998,199.05,183.91,185.11
1585180800,195.81,197.31,189.01,194.74
1585094400,201.56,204,192,195.26
1585008000,198.07,205.49,192.79,201.56
1584921600,176.83,198.31,173.89,198.07
1584835200,190.66,197.1,175.59,177.53
1584748800,191.02,198.87000000000003,181.86,190.66
1584662400,200.14,217.92,170.41,191.02
1584576000,170.4,207.9,168.69,200.14
1584489600,165.81,170.88,158.82,170.4
1584403200,156.25,169.43,154.06,165.81
1584316800,172.58,208.03,138.12,155.9
1584230400,168.85,181.52999999999997,164.47,172.58
1584144000,185.6,186.53,168.52,169.49
1584057600,165.08,204.47999999999996,127.15999999999998,185.6
1583971200,268.16,269.58,140.01,151.63999999999996
1583884800,276.72,278.5,251,268.16
1583798400,278.47,282.1,270,276.72
1583712000,272.03,284.17,258,278.47
1583625600,319.24,319.24,268.47,272.03
1583539200,328.07,337,318.14,319.24
1583452800,305.4,328.07,304.86,328.07
1583366400,300,313.31,300,305.4
1583280000,299.76,305.23,296.22,300
1583193600,308.5,309.73,294.97,299.76
1583107200,293.43,312.83,288.54,308.5
1583020800,292.37,304,285.05,293.43
1582934400,307.73,312.2,292.47,292.47
1582848000,303.4,314.05,288.32,307.73
1582761600,302.36,320.59,277.19,303.4
1582675200,329.91,329.91,291.29,302.36
1582588800,353.29,353.29,327.79,329.91
1582502400,364.88,366.21,342.94000000000005,353.2900000000001
1582416000,348.02,366.05,347.01,366.05
1582329600,353.49,354.01,342.99,348.02
1582243200,344.86,357.05,338.9,352.13
1582156800,344,349.52,328.38,344.86
1582070400,375,375,336.83,344
1581984000,352.86,382.85,344.05,375
1581897600,347.71,352.86,322.1,352.86
1581811200,349.61,362.19,317.09,347.71
1581724800,378.89,380.00000000000006,346.2,347.41
1581638400,354.22,378.89,346.86,378.89
1581552000,353.45,365.19,338.94,354.22
1581465600,315.27,370.19999999999993,315.27,353.45
1581379200,297.21,317.96,289.52,315.27
1581292800,303.39,303.39,287.26,297.21
1581206400,295.5,305,295.5,303.39
1581120000,296.02,300,284.48,295.5
1581033600,282.15,300,280.87,296.02
1580947200,270.26,284.52,265.95,282.15
1580860800,249.99,272.2,248.71,270.26
1580774400,249.59,251.46000000000004,244.36,249.99
1580688000,246.48,255,244.97,249.59
1580601600,241.82,253,236.07,246.48
1580515200,237.89,242.9,236.26999999999998,241.82
1580428800,241.01,241.83000000000004,232.68999999999997,237.89
1580342400,227,243.95,222.66,241.01
1580256000,226.76,230.81,226.05,227
1580169600,222.01000000000002,227.9,221.31,226.76
1580083200,218.03,225,216.18,222.01000000000002
1579996800,209.08,219,208.17999999999998,218.03
1579910400,213.16999999999996,213.16999999999996,206.42,210.88
1579824000,212.37,214.89,204.3,213.16999999999996
1579737600,220.95,224.88,205.42,212.37
1579651200,219.71,220.92,214.90999999999997,219.98
1579564800,217.09999999999997,219.84,214.23,219.84
1579478400,217.68,218.18,211.42,217.09999999999997
1579392000,226.64,228.10000000000002,210.81999999999996,217.68
1579305600,222.92,232.3,215.04,226.64
1579219200,211,225.19,209.29,222.92
1579132800,214.66999999999996,214.67,206.39,211
1579046400,212.03,218.88,205.61,214.67
1578960000,187.09,217.89,186.3,214.51000000000002
1578873600,189.05,191.05,184.74,187.09
1578787200,186.1,189.45,184.23,189.05
1578700800,187.47,191.14000000000001,184.21,186.1
1578614400,178.97,202,175.13,187.47
1578528000,183.82,183.82,176.74,178.97
1578441600,186.45,191.74000000000004,178.72,183.82
1578355200,187.49,188.07,182.93999999999997,186.45
1578268800,176.73,188.12,175.14,187.49
1578182400,174.44,179.19,174.19,176.73
1578096000,174.09,175.6,172.68,174.44
1578009600,164.49,174.59,162.26,174.09
1577923200,169.52,169.52,164.85,165.18
1577836800,167.5,172.09,167.24999999999997,169.52
1577750400,171.79999999999998,172.97,165.98,167.5
1577664000,175.36,177.78,170.01,172.14
1577577600,168.18,180,167.53,175.36
1577491200,165.71,169.26,165.70999999999998,168.18
1577404800,165.04,165.71,161.13,165.71
1577318400,165.21,170.57,162.74,165.04
1577232000,168.72,168.82,163.95,165.21
1577145600,168.90999999999997,170.72,167,168.72
1577059200,173.97,177.63,167,168.90999999999997
1576972800,168.03,174.91,168.03,173.97
1576886400,168.73,169.3,167.22,168.03
1576800000,169.81,170.92,167,168.73
1576713600,175.11000000000004,176.33,166.01,169.81
1576627200,160.97,177.2,154.85,175.11
1576540800,175.16,175.18,159.62,160.78
1576454400,188.42000000000002,188.42000000000002,172.68,175.16
1576368000,187.48999999999998,189.42000000000002,185.02,188.42000000000002
1576281600,191.41999999999996,191.81,186.69,187.2
1576195200,189.23,191.9,188.27999999999997,191.41999999999996
1576108800,188.74,191.57,185,189.23
1576022400,193.1,194.15000000000003,185.07999999999998,188.74
1575936000,195,195.75,191.42,193.1
1575849600,200.98,200.98,194.91,195
1575763200,196.25,201.45000000000002,194.2,200.98
1575676800,197.6,198.4,196.09999999999997,196.25
1575590400,194.68,197.61,193.5,197.6
1575504000,192.79,197.82,190.15,194.68
1575417600,197.31,199.44000000000003,190.37999999999997,193
1575331200,199.37999999999997,200.54,195.05,197.31
1575244800,201.31,201.42,196,199.37999999999997
1575158400,203.06,203.06,196,201.31
1575072000,204.93,206.92,200.51,203.06
1574985600,202.15000000000003,209.05,200.40999999999997,206.09
1574899200,204.10000000000002,206.48,200.41,202.15000000000003
1574812800,196,206.67,189.37999999999997,204.10000000000002
1574726400,195,199.61,192.41999999999996,196
1574640000,186.8,201.71,177,195
1574553600,203.44,203.44,186.8,186.8
1574467200,199.17,235.20000000000002,195.43,203.44
1574380800,214.49,249.35,184.75000000000003,199.17
1574294400,231.92,232.82,208.19,214.49
1574208000,233.26,235.02,229.63999999999996,231.92
1574121600,235.69000000000003,235.69000000000003,227.46000000000004,233.26
1574035200,242.61,243.35,230.9,235.69000000000003
1573948800,242.2,246,239.58999999999997,242.61
1573862400,238.18,242.78,236.98999999999998,242.2
1573776000,244.15,245.23,235.16,238.18
1573689600,248.11,249.41,242.69,244.15
1573603200,246.99000000000004,249.55000000000004,244.77999999999997,248.11
1573516800,243.46,246.99000000000004,240.99999999999997,246.99000000000004
1573430400,250.45999999999998,251.21000000000004,243.06,243.46
1573344000,246.41,251.73,243.57999999999998,250.45999999999998
1573257600,243.3,246.44000000000003,242.6,246.41
1573171200,246.41000000000003,247.94000000000003,239.99999999999997,243.3
1573084800,253.49999999999997,254.12,243.99999999999997,246.41000000000003
1572998400,248.24,253.85000000000002,246.21,253.49999999999997
1572912000,244.28,251.65000000000003,241.06,247.74
1572825600,240.25,247.32,236.41,244.28
1572739200,241.22,243.43,236.86,240.25
1572652800,242.1,245.11,240.6,241.22
1572566400,241.44,242.93000000000004,233,242.1
1572480000,242.32,250,236.33,241.44
1572393600,250.80999999999997,252.87,237.09999999999997,242.32
1572307200,239.03,252.72,238,250.80999999999997
1572220800,240.17,263.99,237.14999999999998,239.25
1572134400,236.28,245,232.7,242.89999999999998
1572048000,239.21,259.64,228.13999999999996,236.28
1571961600,211.65000000000003,244.85999999999999,211.39,239.21
1571875200,214,214.44,209.83000000000004,211.65
1571788800,226.84,226.84,204.08,213.61
1571702400,229.64,232.22000000000003,226,226.84
1571616000,231.15,233.51,226,229.63999999999996
1571529600,228.18000000000004,232.1,225.51999999999998,231.93
1571443200,229.85,230.8,225.56,228.18000000000004
1571356800,235.43,235.43,224.94,229.85
1571270400,233.06,237.49,230.17999999999998,235.43
1571184000,237.8,239.04000000000002,227.96,233.06
1571097600,249.34,249.62,236.06,237.8
1571011200,240.83,undefined,undefined,undefined
1570924800,238.37000000000003,246.98,238,240.83
1570838400,239.03,244.34000000000003,237.09999999999997,240.33000000000004
1570752000,255,261.92,238.72999999999996,239.03
1570665600,260.35,260.87,237.84999999999997,255
1570579200,242.16,261.22,234.02,260.35
1570492800,243.11,247.19,238.95,242.16
1570406400,228.15,244.11,225.44999999999996,243.11
1570320000,236.59,237.68,225,228.15
1570233600,236,236.59,231.58,236.59
1570147200,235.7,239.42000000000002,231.2,237.14000000000001
1570060800,241.05,241.78,227.65,235.7
1569974400,234.77,241.51000000000002,232,241.05
1569888000,240,245,228.27,235.8
1569801600,226.7,239.5,216.92,239.5
1569715200,230.28,231.18,219.99999999999997,226.7
1569628800,231.67,233.49,224.84,230.28
1569542400,221.53,234,214.73,231.67
1569456000,225.99999999999997,226.34,205.01,221.53
1569369600,221.78,231.59999999999997,217.45,225.75
1569283200,268.14,269.38,210.99999999999997,221.78
1569196800,280,280.48,266.77,268.14
1569110400,287.43,287.43,275,280
1569024000,287.24,294,282.34,287.43
1568937600,294.44,294.44,283.28,287.24
1568851200,275.78,296.14,269.54,294.44
1568764800,274.01,287.37,273.58,278.46
1568678400,261.59,284.1,259.11,275
1568592000,250.11,263.17,248.60000000000002,261.14
1568505600,250,252,246.68,250.11
1568419200,239.42,250.00000000000003,238,250
1568332800,236.76,239.42000000000002,233.88,239.42
1568246400,234.63,239.55,233.12999999999997,237.73
1568160000,237.01000000000002,239.07000000000002,230,234.63
1568073600,236.8,241.50000000000003,232.99999999999997,237.01000000000002
1567987200,239.38,241.5,232.20000000000002,236.8
1567900800,234.47,243.5,234,239.38
1567814400,223.64,238.13999999999996,222.36,234.47
1567728000,230.58,233.56,220.51,223.64
1567641600,231.09,231.58,220,230.58
1567555200,236.61999999999998,237.96,227.62,230
1567468800,238.94,243.06,220.00000000000003,236.61999999999998
1567382400,228.55,240.15,227.94,238.94
1567296000,229.91000000000003,231.28,224.71,228.55
1567209600,225.18,232.19,222.28999999999996,229.91000000000003
1567123200,225.4,226,220.24,225.18
1567036800,230.89,231.27,220,225.4
1566950400,249.3,250.33,223.25,230.89
1566864000,248.18,250.13,243.58999999999997,249.3
1566777600,249.11,255.48,247,248.18
1566691200,254.86000000000004,256.03,244.16000000000003,249.11
1566604800,259.92,259.92,248,254.86000000000004
1566518400,254.44,261.09,250.77999999999997,259.92
1566432000,249.94000000000003,259.54,242.91999999999996,254.44
1566345600,262.41,262.83,241.31999999999996,247.1
1566259200,270,270,259.94,262.41
1566172800,258.46,270,254.18,270
1566086400,247.72999999999996,263.45,243.56,258.46
1566000000,248.08,248.08,241.79,247.73
1565913600,250.24999999999997,251.34000000000003,240,248.08
1565827200,247.44,253.65,232.00000000000003,250.24999999999997
1565740800,275.38,277.96,241.84,247.44
1565654400,277.33,279.53,271.34,275.38
1565568000,286.24,286.24,277.33,277.33
1565481600,273.66,293,272.61,286.24
1565395200,279.73,283.13,268.3,273.66
1565308800,291.51,293.07,272.17,278.88
1565222400,297.68,299.87,285,291.51
1565136000,293,299.92,289.13,297.68
1565049600,302,309.98,288.21,294.86
1564963200,293.69,329.99,293.07,302
1564876800,291.71,293.69,285,293.69
1564790400,285.54,293.66,282.29,291.71
1564704000,283.26,289.99,279.6,285.54
1564617600,289.61,289.61,279.65,283.26
1564531200,277.74,289.61,277.74,289.61
1564444800,278.6,280.66,270.03,277.74
1564358400,279.79,281.37,271.78,278.6
1564272000,273.98,279.79,263.25,279.79
1564185600,286.53,294.39,268.01,273.98
1564099200,290.27,291.08,281.21,286.53
1564012800,284.95,295,283.18,290.27
1563926400,278.84,285,266.88,284.99
1563840000,286.78,289.15,274.07,278.84
1563753600,295.68,299.44,280,286.37
1563667200,300.33,300.68,284.26,295.68
1563580800,290,305.95,287.39,300.33
1563494400,291,295.02,280.94,288.31
1563408000,275.04,298.27,272.4,291
1563321600,265.6,287.82,255,275.04
1563235200,301.01,306.19,251.77,265.6
1563148800,311.24194000000006,311.24194000000006,280,300.66
1563062400,351.26,355.76,302.01,311.27
1562976000,358.97,363.25,343.68,354.54
1562889600,351.6,364.2,349.08,358.97
1562803200,377.92,377.92,345.06,350.85
1562716800,400,411.66,367.36,377.92
1562630400,408.93,412.69000000000005,393.12,400
1562544000,396.62,409,392.2,408.93
1562457600,370.21,400,369.81,396.62
1562371200,374.93,384.25,370.2099999999999,370.21
1562284800,365.63,379.99,361.37,374.93
1562198400,380.52,383.34,359.75,365.63
1562112000,377.79,388.65000000000003,370.42,382.28
1562025600,365.51,382.3,338.77,377.79
1561939200,365.03,376.87,350,365.51
1561852800,407.48,408.81,365,367.09
1561766400,397.60999999999996,408.81,374.76,407.48
1561680000,382.30999999999995,398.99000000000007,375,397.60999999999996
1561593600,433.25,440,355.13,382.30999999999995
1561507200,415,468.95,405.25,433.25
1561420800,401.49,414.99,395.01,414.99
1561334400,403.28999999999996,410.13,385.15000000000003,401.49
1561248000,408.22,416.16,400.87,403.28999999999996
1561161600,386.34,416.19,386.34,408.22
1561075200,362.44,389.61,359.13,386.34
1560988800,360.77,362.95,352.02,362.44
1560902400,352.74,361.67999999999995,342,360.77
1560816000,362.01,362.01,347.47,352.2099999999999
1560729600,360.47,364.08,351.61,362.01
1560643200,359.57,368.86,351.95,360.47
1560556800,353.84,362.23,348.17,359.57
1560470400,339.59,353.84,330.22,353.84
1560384000,348.85,348.87,338.28,339.59
1560297600,326.16,345.58,323.69,345.58
1560211200,325.4100000000001,328.23,313.1,326.16
1560124800,303.69,326.87,303.68,325.4100000000001
1560038400,320.05,324.36,300.68,303.69
1559952000,332.84,332.84,318.72,320.05
1559865600,332.96,336.11,326.5,332.84
1559779200,329.58000000000004,332.96,313.15,332.96
1559692800,315.73,329.99000000000007,314.26,329.58000000000004
1559606400,330,330,310.17,315.73
1559520000,356.97,356.97,330.03,330.03
1559433600,350.08,359.99,346.12,356.97
1559347200,355.69,360.38999999999993,345.23,350.08
1559260800,341.42,356.06000000000006,329.97,355.69
1559174400,363.19,382.62,326.01,341.82
1559088000,363.32,365.99,349,363.19
1559001600,360,365.83000000000004,352.56,363.64
1558915200,356.87,369.9,350.03,364.88
1558828800,335.98,358.82,330,356.87
1558742400,335.01,343.98,330.41,335.98
1558656000,334.01,341.87000000000006,325.00999999999993,335.01
1558569600,331.82,335.58,310.03,334.01
1558483200,342.53,349.03,326.22,331.82
1558396800,342.23,353.31,332.11,343.03
1558310400,352.8,352.8,325,342.23
1558224000,315.07,357.27,315.07,357.27
1558137600,330,336.97,315.06,315.07
1558051200,357.95,359.26,305.01,330
1557964800,334.22,370.48,320,358.35
1557878400,290.53,334.22,286,334.22
1557792000,259.95,297,250.09,291.54
1557705600,252,273.34,249.45,260
1557619200,258.46,274.88,246.11,252
1557532800,234.14,275,232.65,258.46
1557446400,228.4,237.57,226.46999999999997,233.62
1557360000,225.15000000000003,234.15,222.03,228.4
1557273600,221.72,230.64,220.8,225.15000000000003
1557187200,230.48,241.86,225.01,225.01
1557100800,217.45999999999998,233.77999999999997,213.62,230
1557014400,217.75,219.65,212.64,217.46
1556928000,220.72,224.78,212.46,218.11
1556841600,215.76,224.32000000000002,212.5,220.72
1556755200,213.23,217.32,207.55,215.76
1556668800,215.52,218.10000000000002,210,213.23
1556582400,204.51,217.83,204.51,215.52
1556496000,210.06,210.06,202.01,204.42
1556409600,213.78,213.78,205.12,210.06
1556323200,208.07,216.18,207.02999999999997,213.78
1556236800,208.78,212.67,201.32,208.07
1556150400,223.28999999999996,227.82,201.09,208.78
1556064000,229.76,232.74000000000004,219.99999999999997,223.28999999999996
1555977600,234.55,237.92,229.66,229.76
1555891200,232.32177033492823,undefined,undefined,undefined
1555804800,234.28,235.49000000000004,225.11,228.83
1555718400,235.16,238,232.03,234.28
1555632000,234.07000000000002,236.98,230.96,236.98
1555545600,222.54000000000002,237.89000000000001,222.54,234.07000000000002
1555459200,225,226.25000000000003,221,222.54000000000002
1555372800,214.79,225,214.79,225
1555286400,225.29,225.29000000000002,210.94999999999996,215.72
1555200000,220.95,224.62000000000003,217.47,224.49
1555113600,221.14,222.76,216.93,220.95
1555027200,223.07,224.20000000000002,215.42,221.14
1554940800,236.55,239.55000000000004,214.7,223.07
1554854400,233.40000000000003,247.72000000000003,230.65999999999997,236.55
1554768000,239.05000000000004,239.05000000000004,231.01,233.40000000000003
1554681600,227.71,244.93,227.71,238.13
1554595200,218.98,231.01,218.5,230.6
1554508800,219.95,226.82000000000002,213.6,218.98
1554422400,206,221.2,203.6,219.95
1554336000,208.57999999999998,210.48,192,206
1554249600,218.06,233.3,198.24999999999997,209.04
1554163200,185.52,218.06,181.39,218.06
1554076800,188.31,190.44,179.1,186.77999999999997
1553990400,189.81,190.23,186.73,188.31
1553904000,190,193.75,186.88999999999996,189.80999999999997
1553817600,184.4,190,182.46,189.99999999999997
1553731200,186.78,187.30000000000004,183.23,184.4
1553644800,178.29,186.78,178.29,186.78
1553558400,177.78999999999996,180.5,176.77999999999997,178.29
1553472000,182.03,182.47,175.82,178.87
1553385600,183.34999999999997,183.41,180.37,182.03
1553299200,182.33,183.42000000000002,181.5,183.34999999999997
1553212800,179.69,183.76,178.66,182.33
1553126400,184.42,184.6,177.83,179.69
1553040000,184.58,184.9,181.49000000000004,184.42
1552953600,182.87,186.48,180.90000000000003,184.60000000000002
1552867200,183.87,187.74,181.4,182.87
1552780800,187.39,187.99,182.25,183.87
1552694400,181.71,190,181.71,187.39
1552608000,177.1,183.44,176.01,181.71
1552521600,177.37,179.68,172.93,177.1
1552435200,177.2,180.66,174.56999999999996,177.37
1552348800,178.23,180.18,171.00999999999996,179.1
1552262400,181.58,182.26,174.47,178.23
1552176000,182.21,183.15,177.45,181.58
1552089600,178.13,185.19,178.13,182.21
1552003200,183.65,184.87,175.72,178.13
1551916800,186.5,187,181.25,183.65
1551830400,182,186.51,178,186.50000000000003
1551744000,167.46,182,162,182
1551657600,171.64,174.45,165.4,167.46
1551571200,177.64,179.62,171.64,171.64
1551484800,181.33,181.83,175,177.64
1551398400,178.66999999999996,183.72,176.36,181.33
1551312000,173.8,182.5,173.8,178.66999999999996
1551225600,181.67,183.6,169.68,173.8
1551139200,180.77,undefined,undefined,undefined
1551052800,182.09,undefined,undefined,undefined
1550966400,175.1,undefined,undefined,undefined
1550880000,206.7,undefined,undefined,undefined
1550793600,194.91,undefined,undefined,undefined
1550707200,190.92,undefined,undefined,undefined
1550620800,195.2,undefined,undefined,undefined
1550534400,189.27,undefined,undefined,undefined
1550448000,189.53,undefined,undefined,undefined
1550361600,174.83,undefined,undefined,undefined
1550275200,160.5,undefined,undefined,undefined
1550188800,158.88,undefined,undefined,undefined
1550102400,159.41,undefined,undefined,undefined
1550016000,160.1,undefined,undefined,undefined
1549929600,159.73,undefined,undefined,undefined
1549843200,156.24,undefined,undefined,undefined
1549756800,157.32,undefined,undefined,undefined
1549670400,154.07,undefined,undefined,undefined
1549584000,152.93,undefined,undefined,undefined
1549497600,134.82,undefined,undefined,undefined
1549411200,133.24,undefined,undefined,undefined
1549324800,137.81,undefined,undefined,undefined
1549238400,136.66,undefined,undefined,undefined
1549152000,132.75,undefined,undefined,undefined
1549065600,138.96,undefined,undefined,undefined
1548979200,137.65,undefined,undefined,undefined
1548892800,137.84,undefined,undefined,undefined
1548806400,141.51,undefined,undefined,undefined
1548720000,137.36,undefined,undefined,undefined
1548633600,139.23,undefined,undefined,undefined
1548547200,156.63,undefined,undefined,undefined
1548460800,158.78,undefined,undefined,undefined
1548374400,162.79,undefined,undefined,undefined
1548288000,162.5,undefined,undefined,undefined
1548201600,168.69,undefined,undefined,undefined
1548115200,165.49,undefined,undefined,undefined
1548028800,167.65,undefined,undefined,undefined
1547942400,163.31,undefined,undefined,undefined
1547856000,167.27,undefined,undefined,undefined
1547769600,167.15,undefined,undefined,undefined
1547683200,169.46,undefined,undefined,undefined
1547596800,176.75,undefined,undefined,undefined
1547510400,174.62,undefined,undefined,undefined
1547424000,180.45,undefined,undefined,undefined
1547337600,156.92,undefined,undefined,undefined
1547251200,174.24,undefined,undefined,undefined
1547164800,175,undefined,undefined,undefined
1547078400,174.51,undefined,undefined,undefined
1546992000,207.82,undefined,undefined,undefined
1546905600,207.14,undefined,undefined,undefined
1546819200,210.54,undefined,undefined,undefined
1546732800,221.74,undefined,undefined,undefined
1546646400,216.55,undefined,undefined,undefined
1546560000,214.28,undefined,undefined,undefined
1546473600,206.3,undefined,undefined,undefined
1546387200,216.8,undefined,undefined,undefined
1546300800,198.98,undefined,undefined,undefined
1546214400,189.56,undefined,undefined,undefined
1546128000,199.34,undefined,undefined,undefined
1546041600,197.28,undefined,undefined,undefined
1545955200,202.55,undefined,undefined,undefined
1545868800,169.27,undefined,undefined,undefined
1545782400,195.57,undefined,undefined,undefined
1545696000,195.14,undefined,undefined,undefined
1545609600,205.42,undefined,undefined,undefined
1545523200,191.31,undefined,undefined,undefined
1545436800,171.94,undefined,undefined,undefined
1545350400,164.1,undefined,undefined,undefined
1545264000,168.82,undefined,undefined,undefined
1545177600,151.98,undefined,undefined,undefined
1545091200,144.16,undefined,undefined,undefined
1545004800,133.59,undefined,undefined,undefined
1544918400,121.72,undefined,undefined,undefined
1544832000,117.32,undefined,undefined,undefined
1544745600,117.5,undefined,undefined,undefined
1544659200,121.68,undefined,undefined,undefined
1544572800,123.72,undefined,undefined,undefined
1544486400,125.34,undefined,undefined,undefined
1544400000,128.11,undefined,undefined,undefined
1544313600,134.49,undefined,undefined,undefined
1544227200,127.94,undefined,undefined,undefined
1544140800,132.42,undefined,undefined,undefined
1544054400,131.28,undefined,undefined,undefined
1543968000,145.2,undefined,undefined,undefined
1543881600,151.09,undefined,undefined,undefined
1543795200,151.82,undefined,undefined,undefined
1543708800,168.86,undefined,undefined,undefined
1543622400,165.04,undefined,undefined,undefined
1543536000,156.22,undefined,undefined,undefined
1543449600,166.08,undefined,undefined,undefined
1543363200,170.07,undefined,undefined,undefined
1543276800,151.7,undefined,undefined,undefined
1543190400,151.78,undefined,undefined,undefined
1543104000,161.4,undefined,undefined,undefined
1543017600,155.84,undefined,undefined,undefined
1542931200,170.72,undefined,undefined,undefined
1542844800,174.1,undefined,undefined,undefined
1542758400,186.69,undefined,undefined,undefined
1542672000,184.37,undefined,undefined,undefined
1542585600,204.39,undefined,undefined,undefined
1542499200,242.79,undefined,undefined,undefined
1542412800,240.61,undefined,undefined,undefined
1542326400,241.3,undefined,undefined,undefined
1542240000,251.52,undefined,undefined,undefined
1542153600,256.04,undefined,undefined,undefined
1542067200,275.46,undefined,undefined,undefined
1541980800,284.8,undefined,undefined,undefined
1541894400,286.83,undefined,undefined,undefined
1541808000,287.63,undefined,undefined,undefined
1541721600,284.62,undefined,undefined,undefined
1541635200,288.66,undefined,undefined,undefined
1541548800,292.83,undefined,undefined,undefined
1541462400,297.68,undefined,undefined,undefined
1541376000,284.07,undefined,undefined,undefined
1541289600,278.7,undefined,undefined,undefined
1541203200,269.99,undefined,undefined,undefined
1541116800,275.01,undefined,undefined,undefined
1541030400,265.33,undefined,undefined,undefined
1540944000,269.17,undefined,undefined,undefined
1540857600,264.76,undefined,undefined,undefined
1540771200,265.05,undefined,undefined,undefined
1540684800,277.54,undefined,undefined,undefined
1540598400,279.11,undefined,undefined,undefined
1540512000,268.45,undefined,undefined,undefined
1540425600,273.59,undefined,undefined,undefined
1540339200,273.84,undefined,undefined,undefined
1540252800,276.84,undefined,undefined,undefined
1540166400,272.89,undefined,undefined,undefined
1540080000,277.11,undefined,undefined,undefined
1539993600,277.1,undefined,undefined,undefined
1539907200,275.43,undefined,undefined,undefined
1539820800,271.8,undefined,undefined,undefined
1539734400,279.87,undefined,undefined,undefined
1539648000,277.75,undefined,undefined,undefined
1539561600,284.08,undefined,undefined,undefined
1539475200,269.66,undefined,undefined,undefined
1539388800,272.38,undefined,undefined,undefined
1539302400,269.79,undefined,undefined,undefined
1539216000,264.31,undefined,undefined,undefined
1539129600,303.63,undefined,undefined,undefined
1539043200,309.92,undefined,undefined,undefined
1538956800,317.28,undefined,undefined,undefined
1538870400,314.5,undefined,undefined,undefined
1538784000,310.89,undefined,undefined,undefined
1538697600,307.43,undefined,undefined,undefined
1538611200,294.8,undefined,undefined,undefined
1538524800,297.9,undefined,undefined,undefined
1538438400,305.83,undefined,undefined,undefined
1538352000,315.4,undefined,undefined,undefined
1538265600,314.14,undefined,undefined,undefined
1538179200,313.49,undefined,undefined,undefined
1538092800,300.46,undefined,undefined,undefined
1538006400,312.25,undefined,undefined,undefined
1537920000,296.21,undefined,undefined,undefined
1537833600,300.35,undefined,undefined,undefined
1537747200,310.89,undefined,undefined,undefined
1537660800,337.67,undefined,undefined,undefined
1537574400,329.81,undefined,undefined,undefined
1537488000,339.38,undefined,undefined,undefined
1537401600,303.72,undefined,undefined,undefined
1537315200,289.13,undefined,undefined,undefined
1537228800,282.57,undefined,undefined,undefined
1537142400,271.67,undefined,undefined,undefined
1537056000,304.51,undefined,undefined,undefined
1536969600,308.4,undefined,undefined,undefined
1536883200,289.43,undefined,undefined,undefined
1536796800,288.79,undefined,undefined,undefined
1536710400,257.32,undefined,undefined,undefined
1536624000,257.75,undefined,undefined,undefined
1536537600,276.89,undefined,undefined,undefined
1536451200,282.05,undefined,undefined,undefined
1536364800,278.48,undefined,undefined,undefined
1536278400,301.15,undefined,undefined,undefined
1536192000,321.29,undefined,undefined,undefined
1536105600,317.73,undefined,undefined,undefined
1536019200,389.48,undefined,undefined,undefined
1535932800,391.78,undefined,undefined,undefined
1535846400,401.37,undefined,undefined,undefined
1535760000,399.22,undefined,undefined,undefined
1535673600,383.52,undefined,undefined,undefined
1535587200,383.06,undefined,undefined,undefined
1535500800,388.51,undefined,undefined,undefined
1535414400,400.46,undefined,undefined,undefined
1535328000,392.5,undefined,undefined,undefined
1535241600,371.1,undefined,undefined,undefined
1535155200,378.02,undefined,undefined,undefined
1535068800,382.58,undefined,undefined,undefined
1534982400,379.76,undefined,undefined,undefined
1534896000,373.36,undefined,undefined,undefined
1534809600,381.98,undefined,undefined,undefined
1534723200,376.26,undefined,undefined,undefined
1534636800,410.76,undefined,undefined,undefined
1534550400,403.6,undefined,undefined,undefined
1534464000,426.39,undefined,undefined,undefined
1534377600,398.65,undefined,undefined,undefined
1534291200,385.01,undefined,undefined,undefined
1534204800,383.05,undefined,undefined,undefined
1534118400,394.02,undefined,undefined,undefined
1534032000,440.2,undefined,undefined,undefined
1533945600,434.43,undefined,undefined,undefined
1533859200,466.97,undefined,undefined,undefined
1533772800,504.37,undefined,undefined,undefined
1533686400,498.74,undefined,undefined,undefined
1533600000,523.49,undefined,undefined,undefined
1533513600,551.86,undefined,undefined,undefined
1533427200,555,undefined,undefined,undefined
1533340800,547.85,undefined,undefined,undefined
1533254400,561.15,undefined,undefined,undefined
1533168000,555.22,undefined,undefined,undefined
1533081600,560.92,undefined,undefined,undefined
1532995200,581.35,undefined,undefined,undefined
1532908800,611.97,undefined,undefined,undefined
1532822400,622.3,undefined,undefined,undefined
1532736000,618.53,undefined,undefined,undefined
1532649600,625,undefined,undefined,undefined
1532563200,613.87,undefined,undefined,undefined
1532476800,630.61,undefined,undefined,undefined
1532390400,643.47,undefined,undefined,undefined
1532304000,603.32,undefined,undefined,undefined
1532217600,614.3,undefined,undefined,undefined
1532131200,623.75,undefined,undefined,undefined
1532044800,611.39,undefined,undefined,undefined
1531958400,628.31,undefined,undefined,undefined
1531872000,643.87,undefined,undefined,undefined
1531785600,672.5,undefined,undefined,undefined
1531699200,633.87,undefined,undefined,undefined
1531612800,608.82,undefined,undefined,undefined
1531526400,589.92,undefined,undefined,undefined
1531440000,593.14,undefined,undefined,undefined
1531353600,575.66,undefined,undefined,undefined
1531267200,602.07,undefined,undefined,undefined
1531180800,588.84,undefined,undefined,undefined
1531094400,627.95,undefined,undefined,undefined
1531008000,648.7,undefined,undefined,undefined
1530921600,643.83,undefined,undefined,undefined
1530835200,615.8,undefined,undefined,undefined
1530748800,624.02,undefined,undefined,undefined
1530662400,615.58,undefined,undefined,undefined
1530576000,616.69,undefined,undefined,undefined
1530489600,638.71,undefined,undefined,undefined
1530403200,597.98,undefined,undefined,undefined
1530316800,600.96,undefined,undefined,undefined
1530230400,574.5,undefined,undefined,undefined
1530144000,570.58,undefined,undefined,undefined
1530057600,600.68,undefined,undefined,undefined
1529971200,592.95,undefined,undefined,undefined
1529884800,637.69,undefined,undefined,undefined
1529798400,639.6,undefined,undefined,undefined
1529712000,663.83,undefined,undefined,undefined
1529625600,627.2,undefined,undefined,undefined
1529539200,717.93,undefined,undefined,undefined
1529452800,723.27,undefined,undefined,undefined
1529366400,728.64,undefined,undefined,undefined
1529280000,701.13,undefined,undefined,undefined
1529193600,672.5,undefined,undefined,undefined
1529107200,671.5,undefined,undefined,undefined
1529020800,652.15,undefined,undefined,undefined
1528934400,686.76,undefined,undefined,undefined
1528848000,632.36,undefined,undefined,undefined
1528761600,660.17,undefined,undefined,undefined
1528675200,701.8,undefined,undefined,undefined
1528588800,687.49,undefined,undefined,undefined
1528502400,782.12,undefined,undefined,undefined
1528416000,784.13,undefined,undefined,undefined
1528329600,793.27,undefined,undefined,undefined
1528243200,783.99,undefined,undefined,undefined
1528156800,790.32,undefined,undefined,undefined
1528070400,774.86,undefined,undefined,undefined
1527984000,798.42,undefined,undefined,undefined
1527897600,768.67,undefined,undefined,undefined
1527811200,753.42,undefined,undefined,undefined
1527724800,758.86,undefined,undefined,undefined
1527638400,724.84,undefined,undefined,undefined
1527552000,736.72,undefined,undefined,undefined
1527465600,668.79,undefined,undefined,undefined
1527379200,759.17,undefined,undefined,undefined
1527292800,774.57,undefined,undefined,undefined
1527206400,768.34,undefined,undefined,undefined
1527120000,787.11,undefined,undefined,undefined
1527033600,760.33,undefined,undefined,undefined
1526947200,837.29,undefined,undefined,undefined
1526860800,896.88,undefined,undefined,undefined
1526774400,890.04,undefined,undefined,undefined
1526688000,887.86,undefined,undefined,undefined
1526601600,888.57,undefined,undefined,undefined
1526515200,872.73,undefined,undefined,undefined
1526428800,913.13,undefined,undefined,undefined
1526342400,901.33,undefined,undefined,undefined
1526256000,926.61,undefined,undefined,undefined
1526169600,952.95,undefined,undefined,undefined
1526083200,894.9,undefined,undefined,undefined
1525996800,871.44,undefined,undefined,undefined
1525910400,932.09,undefined,undefined,undefined
1525824000,969.99,undefined,undefined,undefined
1525737600,981.19,undefined,undefined,undefined
1525651200,957.18,undefined,undefined,undefined
1525564800,1015.83,undefined,undefined,undefined
1525478400,1040.08,undefined,undefined,undefined
1525392000,1017.03,undefined,undefined,undefined
1525305600,1001.48,undefined,undefined,undefined
1525219200,904.34,undefined,undefined,undefined
1525132800,883.37,undefined,undefined,undefined
1525046400,876.9,undefined,undefined,undefined
1524960000,899.11,undefined,undefined,undefined
1524873600,881.81,undefined,undefined,undefined
1524787200,850.38,undefined,undefined,undefined
1524700800,859.16,undefined,undefined,undefined
1524614400,783.14,undefined,undefined,undefined
1524528000,913.97,undefined,undefined,undefined
1524441600,819.83,undefined,undefined,undefined
1524355200,792.47,undefined,undefined,undefined
1524268800,762.42,undefined,undefined,undefined
1524182400,777.19,undefined,undefined,undefined
1524096000,705.49,undefined,undefined,undefined
1524009600,663.2,undefined,undefined,undefined
1523923200,643.4,undefined,undefined,undefined
1523836800,653.43,undefined,undefined,undefined
1523750400,668.19,undefined,undefined,undefined
1523664000,640.39,undefined,undefined,undefined
1523577600,621.53,undefined,undefined,undefined
1523491200,622.99,undefined,undefined,undefined
1523404800,545.78,undefined,undefined,undefined
1523318400,530.56,undefined,undefined,undefined
1523232000,512.41,undefined,undefined,undefined
1523145600,513.31,undefined,undefined,undefined
1523059200,495.36,undefined,undefined,undefined
1522972800,479.81,undefined,undefined,undefined
1522886400,495.41,undefined,undefined,undefined
1522800000,493.18,undefined,undefined,undefined
1522713600,537.02,undefined,undefined,undefined
1522627200,498.47,undefined,undefined,undefined
1522540800,497.06,undefined,undefined,undefined
1522454400,523.26,undefined,undefined,undefined
1522368000,522.34,undefined,undefined,undefined
1522281600,508.33,undefined,undefined,undefined
1522195200,590.07,undefined,undefined,undefined
1522108800,595.66,undefined,undefined,undefined
1522022400,647.79,undefined,undefined,undefined
1521936000,692.84,undefined,undefined,undefined
1521849600,681.27,undefined,undefined,undefined
1521763200,698.54,undefined,undefined,undefined
1521676800,708.58,undefined,undefined,undefined
1521590400,732.42,undefined,undefined,undefined
1521504000,735.63,undefined,undefined,undefined
1521417600,730.86,undefined,undefined,undefined
1521331200,713.8,undefined,undefined,undefined
1521244800,737.1,undefined,undefined,undefined
1521158400,798.38,undefined,undefined,undefined
1521072000,795.15,undefined,undefined,undefined
1520985600,808.18,undefined,undefined,undefined
1520899200,902.15,undefined,undefined,undefined
1520812800,922.26,undefined,undefined,undefined
1520726400,962.65,undefined,undefined,undefined
1520640000,923.85,undefined,undefined,undefined
1520553600,984.12,undefined,undefined,undefined
1520467200,938.26,undefined,undefined,undefined
1520380800,997.25,undefined,undefined,undefined
1520294400,1053.8,undefined,undefined,undefined
1520208000,1086.59,undefined,undefined,undefined
1520121600,1084.54,undefined,undefined,undefined
1520035200,1082.34,undefined,undefined,undefined
1519948800,1089.14,undefined,undefined,undefined
1519862400,1104.33,undefined,undefined,undefined
1519776000,1052.18,undefined,undefined,undefined
1519689600,1110.25,undefined,undefined,undefined
1519603200,1086.31,undefined,undefined,undefined
1519516800,1075.36,undefined,undefined,undefined
1519430400,1088.29,undefined,undefined,undefined
1519344000,1101.68,undefined,undefined,undefined
1519257600,1031.64,undefined,undefined,undefined
1519171200,1068.34,undefined,undefined,undefined
1519084800,1105.49,undefined,undefined,undefined
1518998400,1180.15,undefined,undefined,undefined
1518912000,1176.84,undefined,undefined,undefined
1518825600,1248.75,undefined,undefined,undefined
1518739200,1174.03,undefined,undefined,undefined
1518652800,1173.62,undefined,undefined,undefined
1518566400,1149.63,undefined,undefined,undefined
1518480000,1071.46,undefined,undefined,undefined
1518393600,1077.83,undefined,undefined,undefined
1518307200,1036.99,undefined,undefined,undefined
1518220800,1069.04,undefined,undefined,undefined
1518134400,1069.58,undefined,undefined,undefined
1518048000,1015.93,undefined,undefined,undefined
1517961600,909.56,undefined,undefined,undefined
1517875200,946.24,undefined,undefined,undefined
1517788800,843.88,undefined,undefined,undefined
1517702400,1043.42,undefined,undefined,undefined
1517616000,1206.53,undefined,undefined,undefined
1517529600,1145.5,undefined,undefined,undefined
1517443200,1184.3,undefined,undefined,undefined
1517356800,1345.31,undefined,undefined,undefined
1517270400,1306.45,undefined,undefined,undefined
1517184000,1460.61,undefined,undefined,undefined
1517097600,1537.1,undefined,undefined,undefined
1517011200,1383.45,undefined,undefined,undefined
1516924800,1313.49,undefined,undefined,undefined
1516838400,1328.1,undefined,undefined,undefined
1516752000,1323.53,undefined,undefined,undefined
1516665600,1266.7,undefined,undefined,undefined
1516579200,1270.66,undefined,undefined,undefined
1516492800,1353.3,undefined,undefined,undefined
1516406400,1434.82,undefined,undefined,undefined
1516320000,1306.51,undefined,undefined,undefined
1516233600,1310.57,undefined,undefined,undefined
1516147200,1288,undefined,undefined,undefined
1516060800,1332.37,undefined,undefined,undefined
1515974400,1629.95,undefined,undefined,undefined
1515888000,1729.4,undefined,undefined,undefined
1515801600,1726.45,undefined,undefined,undefined
1515715200,1584.2,undefined,undefined,undefined
1515628800,1455.48,undefined,undefined,undefined
1515542400,1543.19,undefined,undefined,undefined
1515456000,1639.98,undefined,undefined,undefined
1515369600,1418.84,undefined,undefined,undefined
1515283200,1366.65,undefined,undefined,undefined
1515196800,1225.64,undefined,undefined,undefined
1515110400,1153.34,undefined,undefined,undefined
1515024000,1176.57,undefined,undefined,undefined
1514937600,1176.6,undefined,undefined,undefined
1514851200,1071.36,undefined,undefined,undefined
1514764800,991.87,undefined,undefined,undefined
1514678400,980.68,undefined,undefined,undefined
1514592000,928.4,undefined,undefined,undefined
1514505600,973.17,undefined,undefined,undefined
1514419200,934.25,undefined,undefined,undefined
1514332800,946.64,undefined,undefined,undefined
1514246400,963.91,undefined,undefined,undefined
1514160000,954.02,undefined,undefined,undefined
1514073600,892.67,undefined,undefined,undefined
1513987200,925.62,undefined,undefined,undefined
1513900800,884.61,undefined,undefined,undefined
1513814400,1004.71,undefined,undefined,undefined
1513728000,1033.86,undefined,undefined,undefined
1513641600,1038.92,undefined,undefined,undefined
1513555200,994.96,undefined,undefined,undefined
1513468800,916.51,undefined,undefined,undefined
1513382400,885.46,undefined,undefined,undefined
1513296000,854.88,undefined,undefined,undefined
1513209600,871.43,undefined,undefined,undefined
1513123200,884.18,undefined,undefined,undefined
1513036800,813.06,undefined,undefined,undefined
1512950400,651.33,undefined,undefined,undefined
1512864000,547.68,undefined,undefined,undefined
1512777600,577.54,undefined,undefined,undefined
1512691200,544.99,undefined,undefined,undefined
1512604800,507.8,undefined,undefined,undefined
1512518400,539.7,undefined,undefined,undefined
1512432000,593.93,undefined,undefined,undefined
1512345600,597.21,undefined,undefined,undefined
1512259200,600.68,undefined,undefined,undefined
1512172800,581.89,undefined,undefined,undefined
1512086400,589.27,undefined,undefined,undefined
1512000000,578.63,undefined,undefined,undefined
1511913600,559.97,undefined,undefined,undefined
1511827200,599.68,undefined,undefined,undefined
1511740800,605.12,undefined,undefined,undefined
1511654400,598.25,undefined,undefined,undefined
1511568000,586.41,undefined,undefined,undefined
1511481600,601.79,undefined,undefined,undefined
1511395200,526.92,undefined,undefined,undefined
1511308800,490.19,undefined,undefined,undefined
1511222400,466.42,undefined,undefined,undefined
1511136000,477.35,undefined,undefined,undefined
1511049600,453.12,undefined,undefined,undefined
1510963200,450.26,undefined,undefined,undefined
1510876800,424.26,undefined,undefined,undefined
1510790400,427.58,undefined,undefined,undefined
1510704000,429.03,undefined,undefined,undefined
1510617600,430.39,undefined,undefined,undefined
1510531200,406.02,undefined,undefined,undefined
1510444800,390.81,undefined,undefined,undefined
1510358400,397.38,undefined,undefined,undefined
1510272000,387.77,undefined,undefined,undefined
1510185600,412.18,undefined,undefined,undefined
1510099200,395.56,undefined,undefined,undefined
1510012800,374.67,undefined,undefined,undefined
1509926400,383.58,undefined,undefined,undefined
1509840000,388.07,undefined,undefined,undefined
1509753600,385.26,undefined,undefined,undefined
1509667200,399.24,undefined,undefined,undefined
1509580800,377.49,undefined,undefined,undefined
1509494400,381.89,undefined,undefined,undefined
1509408000,397.09,undefined,undefined,undefined
1509321600,397.65,undefined,undefined,undefined
1509235200,394.1,undefined,undefined,undefined
1509148800,381.26,undefined,undefined,undefined
1509062400,386.17,undefined,undefined,undefined
1508976000,384.2,undefined,undefined,undefined
1508889600,383.37,undefined,undefined,undefined
1508803200,383.63,undefined,undefined,undefined
1508716800,358.63,undefined,undefined,undefined
1508630400,374.53,undefined,undefined,undefined
1508544000,381.32,undefined,undefined,undefined
1508457600,387.27,undefined,undefined,undefined
1508371200,387.47,undefined,undefined,undefined
1508284800,399.5,undefined,undefined,undefined
1508198400,399.58,undefined,undefined,undefined
1508112000,418.53,undefined,undefined,undefined
1508025600,424.26,undefined,undefined,undefined
1507939200,422.26,undefined,undefined,undefined
1507852800,426.34,undefined,undefined,undefined
1507766400,381.87,undefined,undefined,undefined
1507680000,382.29,undefined,undefined,undefined
1507593600,379.57,undefined,undefined,undefined
1507507200,377.5,undefined,undefined,undefined
1507420800,394.1,undefined,undefined,undefined
1507334400,393.19,undefined,undefined,undefined
1507248000,392.56,undefined,undefined,undefined
1507161600,380.42,undefined,undefined,undefined
1507075200,368.11,undefined,undefined,undefined
1506988800,372.39,undefined,undefined,undefined
1506902400,376.74,undefined,undefined,undefined
1506816000,382.95,undefined,undefined,undefined
1506729600,376.67,undefined,undefined,undefined
1506643200,370.1,undefined,undefined,undefined
1506556800,385.68,undefined,undefined,undefined
1506470400,392.16,undefined,undefined,undefined
1506384000,366.19,undefined,undefined,undefined
1506297600,374.02,undefined,undefined,undefined
1506211200,356.96,undefined,undefined,undefined
1506124800,359.77,undefined,undefined,undefined
1506038400,336.11,undefined,undefined,undefined
1505952000,327.61,undefined,undefined,undefined
1505865600,366.3,undefined,undefined,undefined
1505779200,361.47,undefined,undefined,undefined
1505692800,381.36,undefined,undefined,undefined
1505606400,334.33,undefined,undefined,undefined
1505520000,326.46,undefined,undefined,undefined
1505433600,330.93,undefined,undefined,undefined
1505347200,293.9,undefined,undefined,undefined
1505260800,355.62,undefined,undefined,undefined
1505174400,370.64,undefined,undefined,undefined
1505088000,374.2,undefined,undefined,undefined
1505001600,376.58,undefined,undefined,undefined
1504915200,385.73,undefined,undefined,undefined
1504828800,401.96,undefined,undefined,undefined
1504742400,423,undefined,undefined,undefined
1504656000,431.72,undefined,undefined,undefined
1504569600,410.28,undefined,undefined,undefined
1504483200,397.79,undefined,undefined,undefined
1504396800,447.31,undefined,undefined,undefined
1504310400,451.71,undefined,undefined,undefined
1504224000,491.69,undefined,undefined,undefined
1504137600,494.18,undefined,undefined,undefined
1504051200,486.46,undefined,undefined,undefined
1503964800,469.54,undefined,undefined,undefined
1503878400,437.35,undefined,undefined,undefined
1503792000,442.39,undefined,undefined,undefined
1503705600,422.42,undefined,undefined,undefined
1503619200,419.97,undefined,undefined,undefined
1503532800,411.93,undefined,undefined,undefined
1503446400,409.23,undefined,undefined,undefined
1503360000,399.06,undefined,undefined,undefined
1503273600,422.05,undefined,undefined,undefined
1503187200,392.34,undefined,undefined,undefined
1503100800,387.16,undefined,undefined,undefined
1503014400,386.73,undefined,undefined,undefined
1502928000,394.76,undefined,undefined,undefined
1502841600,386.07,undefined,undefined,undefined
1502755200,371.32,undefined,undefined,undefined
1502668800,392.3,undefined,undefined,undefined
1502582400,391.27,undefined,undefined,undefined
1502496000,397.92,undefined,undefined,undefined
1502409600,399.17,undefined,undefined,undefined
1502323200,392.91,undefined,undefined,undefined
1502236800,390.84,undefined,undefined,undefined
1502150400,382.35,undefined,undefined,undefined
1502064000,346.21,undefined,undefined,undefined
1501977600,341.7,undefined,undefined,undefined
1501891200,324.43,undefined,undefined,undefined
1501804800,288.91,undefined,undefined,undefined
1501718400,290.23,undefined,undefined,undefined
1501632000,284.06,undefined,undefined,undefined
1501545600,295.41,undefined,undefined,undefined
1501459200,266.34,undefined,undefined,undefined
1501372800,251.36,undefined,undefined,undefined
1501286400,265.77,undefined,undefined,undefined
1501200000,244.33,undefined,undefined,undefined
1501113600,263.97,undefined,undefined,undefined
1501027200,263.6,undefined,undefined,undefined
1500940800,261.18,undefined,undefined,undefined
1500854400,286.89,undefined,undefined,undefined
1500768000,296.47,undefined,undefined,undefined
1500681600,297.57,undefined,undefined,undefined
1500595200,276.74,undefined,undefined,undefined
1500508800,290.2,undefined,undefined,undefined
1500422400,260.4,undefined,undefined,undefined
1500336000,304.1,undefined,undefined,undefined
1500249600,253.01,undefined,undefined,undefined
1500163200,199.79,undefined,undefined,undefined
1500076800,225.07,undefined,undefined,undefined
1499990400,257.65,undefined,undefined,undefined
1499904000,267.68,undefined,undefined,undefined
1499817600,293.09,undefined,undefined,undefined
1499731200,250.04,undefined,undefined,undefined
1499644800,271.54,undefined,undefined,undefined
1499558400,313.32,undefined,undefined,undefined
1499472000,324.68,undefined,undefined,undefined
1499385600,318.05,undefined,undefined,undefined
1499299200,348.27,undefined,undefined,undefined
1499212800,351.99,undefined,undefined,undefined
1499126400,354.63,undefined,undefined,undefined
1499040000,370.06,undefined,undefined,undefined
1498953600,385.8,undefined,undefined,undefined
1498867200,355.45,undefined,undefined,undefined
1498780800,381.58,undefined,undefined,undefined
1498694400,396.75,undefined,undefined,undefined
1498608000,424.65,undefined,undefined,undefined
1498521600,387.2,undefined,undefined,undefined
1498435200,344.48,undefined,undefined,undefined
1498348800,376.02,undefined,undefined,undefined
1498262400,416.54,undefined,undefined,undefined
1498176000,449.02,undefined,undefined,undefined
1498089600,445.24,undefined,undefined,undefined
1498003200,453.82,undefined,undefined,undefined
1497916800,484.62,undefined,undefined,undefined
1497830400,490.83,undefined,undefined,undefined
1497744000,500.04,undefined,undefined,undefined
1497657600,507.08,undefined,undefined,undefined
1497571200,496.87,undefined,undefined,undefined
1497484800,494.3,undefined,undefined,undefined
1497398400,490.77,undefined,undefined,undefined
1497312000,542.4,undefined,undefined,undefined
1497225600,573,undefined,undefined,undefined
1497139200,464.73,undefined,undefined,undefined
1497052800,463.04,undefined,undefined,undefined
1496966400,382.66,undefined,undefined,undefined
1496880000,363.64,undefined,undefined,undefined
1496793600,358.79,undefined,undefined,undefined
1496707200,362.7,undefined,undefined,undefined
1496620800,341.4,undefined,undefined,undefined
1496534400,342.4,undefined,undefined,undefined
1496448000,309.7,undefined,undefined,undefined
1496361600,310.91,undefined,undefined,undefined
1496275200,312.27,undefined,undefined,undefined
1496188800,326.87,undefined,undefined,undefined
1496102400,333.64,undefined,undefined,undefined
1496016000,267.08,undefined,undefined,undefined
1495929600,235.02,undefined,undefined,undefined
1495843200,214.1,undefined,undefined,undefined
1495756800,222.11,undefined,undefined,undefined
1495670400,233.2,undefined,undefined,undefined
1495584000,251.5,undefined,undefined,undefined
1495497600,231.74,undefined,undefined,undefined
1495411200,218.18,undefined,undefined,undefined
1495324800,202.08,undefined,undefined,undefined
1495238400,167.28,undefined,undefined,undefined
1495152000,171.55,undefined,undefined,undefined
1495065600,134.52,undefined,undefined,undefined
1494979200,123.18,undefined,undefined,undefined
1494892800,122.85,undefined,undefined,undefined
1494806400,126.32,undefined,undefined,undefined
1494720000,123.01,undefined,undefined,undefined
1494633600,124.36,undefined,undefined,undefined
1494547200,124.37,undefined,undefined,undefined
1494460800,124.13,undefined,undefined,undefined
1494374400,122.56,undefined,undefined,undefined
1494288000,122.43,undefined,undefined,undefined
1494201600,118.4,undefined,undefined,undefined
1494115200,126.52,undefined,undefined,undefined
1494028800,129.17,undefined,undefined,undefined
1493942400,126.51,undefined,undefined,undefined
1493856000,131.35,undefined,undefined,undefined
1493769600,110.24,undefined,undefined,undefined
1493683200,104.55,undefined,undefined,undefined
1493596800,104.34,undefined,undefined,undefined
1493510400,108.81,undefined,undefined,undefined
1493424000,95.13,undefined,undefined,undefined
1493337600,97.79,undefined,undefined,undefined
1493251200,86.39,undefined,undefined,undefined
1493164800,71.81,undefined,undefined,undefined
1493078400,66.6,undefined,undefined,undefined
1492992000,67.64,undefined,undefined,undefined
1492905600,66.26,undefined,undefined,undefined
1492819200,66,undefined,undefined,undefined
1492732800,64.61,undefined,undefined,undefined
1492646400,66.33,undefined,undefined,undefined
1492560000,64.32,undefined,undefined,undefined
1492473600,67,undefined,undefined,undefined
1492387200,64.19,undefined,undefined,undefined
1492300800,64.71,undefined,undefined,undefined
1492214400,65.99,undefined,undefined,undefined
1492128000,62.44,undefined,undefined,undefined
1492041600,67.06,undefined,undefined,undefined
1491955200,61.11,undefined,undefined,undefined
1491868800,58.35,undefined,undefined,undefined
1491782400,58.73,undefined,undefined,undefined
1491696000,59.11,undefined,undefined,undefined
1491609600,59.2,undefined,undefined,undefined
1491523200,56.1,undefined,undefined,undefined
1491436800,55.21,undefined,undefined,undefined
1491350400,59.84,undefined,undefined,undefined
1491264000,59.42,undefined,undefined,undefined
1491177600,59.28,undefined,undefined,undefined
1491091200,64.86,undefined,undefined,undefined
1491004800,68.03,undefined,undefined,undefined
1490918400,66.79,undefined,undefined,undefined
1490832000,68.2,undefined,undefined,undefined
1490745600,71.28,undefined,undefined,undefined
1490659200,67.46,undefined,undefined,undefined
1490572800,65.69,undefined,undefined,undefined
1490486400,67.32,undefined,undefined,undefined
1490400000,69.34,undefined,undefined,undefined
1490313600,72.13,undefined,undefined,undefined
1490227200,58.37,undefined,undefined,undefined
1490140800,57.11,undefined,undefined,undefined
1490054400,57.48,undefined,undefined,undefined
1489968000,58.22,undefined,undefined,undefined
1489881600,58.29,undefined,undefined,undefined
1489795200,45.44,undefined,undefined,undefined
1489708800,60.29,undefined,undefined,undefined
1489622400,60.76,undefined,undefined,undefined
1489536000,47.34,undefined,undefined,undefined
1489449600,39.14,undefined,undefined,undefined
1489363200,38.34,undefined,undefined,undefined
1489276800,31.9,undefined,undefined,undefined
1489190400,29.2,undefined,undefined,undefined
1489104000,26.21,undefined,undefined,undefined
1489017600,24.38,undefined,undefined,undefined
1488931200,23.07,undefined,undefined,undefined
1488844800,25.91,undefined,undefined,undefined
1488758400,26.35,undefined,undefined,undefined
1488672000,26.08,undefined,undefined,undefined
1488585600,24.77,undefined,undefined,undefined
1488499200,26.44,undefined,undefined,undefined
1488412800,25.76,undefined,undefined,undefined
1488326400,23.02,undefined,undefined,undefined
1488240000,21.25,undefined,undefined,undefined
1488153600,20.73,undefined,undefined,undefined
1488067200,19.79,undefined,undefined,undefined
1487980800,18.11,undefined,undefined,undefined
1487894400,17.58,undefined,undefined,undefined
1487808000,17.72,undefined,undefined,undefined
1487721600,17.16,undefined,undefined,undefined
1487635200,17.12,undefined,undefined,undefined
1487548800,16.38,undefined,undefined,undefined
1487462400,17.19,undefined,undefined,undefined
1487376000,17.13,undefined,undefined,undefined
1487289600,16.92,undefined,undefined,undefined
1487203200,17.08,undefined,undefined,undefined
1487116800,17.21,undefined,undefined,undefined
1487030400,17.26,undefined,undefined,undefined
1486944000,14.79,undefined,undefined,undefined
1486857600,15.29,undefined,undefined,undefined
1486771200,15.07,undefined,undefined,undefined
1486684800,14.98,undefined,undefined,undefined
1486598400,14.35,undefined,undefined,undefined
1486512000,15.04,undefined,undefined,undefined
1486425600,15,undefined,undefined,undefined
1486339200,14.88,undefined,undefined,undefined
1486252800,14.68,undefined,undefined,undefined
1486166400,14.96,undefined,undefined,undefined
1486080000,14.41,undefined,undefined,undefined
1485993600,14.37,undefined,undefined,undefined
1485907200,14.08,undefined,undefined,undefined
1485820800,14.1,undefined,undefined,undefined
1485734400,14,undefined,undefined,undefined
1485648000,14.09,undefined,undefined,undefined
1485561600,14.21,undefined,undefined,undefined
1485475200,14.09,undefined,undefined,undefined
1485388800,14.18,undefined,undefined,undefined
1485302400,14.16,undefined,undefined,undefined
1485216000,14.6,undefined,undefined,undefined
1485129600,14.69,undefined,undefined,undefined
1485043200,14.35,undefined,undefined,undefined
1484956800,14.86,undefined,undefined,undefined
1484870400,14.51,undefined,undefined,undefined
1484784000,14.44,undefined,undefined,undefined
1484697600,14.15,undefined,undefined,undefined
1484611200,13.58,undefined,undefined,undefined
1484524800,12.88,undefined,undefined,undefined
1484438400,13.48,undefined,undefined,undefined
1484352000,13.4,undefined,undefined,undefined
1484265600,13.3,undefined,undefined,undefined
1484179200,13.43,undefined,undefined,undefined
1484092800,13.01,undefined,undefined,undefined
1484006400,14.05,undefined,undefined,undefined
1483920000,13.92,undefined,undefined,undefined
1483833600,13.83,undefined,undefined,undefined
1483747200,13.25,undefined,undefined,undefined
1483660800,14.95,undefined,undefined,undefined
1483574400,15.55,undefined,undefined,undefined
1483488000,14.53,undefined,undefined,undefined
1483401600,12.9,undefined,undefined,undefined
1483315200,11.26,undefined,undefined,undefined
1483228800,10.7,undefined,undefined,undefined
1483142400,10.98,undefined,undefined,undefined
1483056000,11.09,undefined,undefined,undefined
1482969600,11.17,undefined,undefined,undefined
1482883200,10.35,undefined,undefined,undefined
1482796800,9.5,undefined,undefined,undefined
1482710400,9.91,undefined,undefined,undefined
1482624000,10.05,undefined,undefined,undefined
1482537600,10.04,undefined,undefined,undefined
1482451200,9.93,undefined,undefined,undefined
1482364800,10.47,undefined,undefined,undefined
1482278400,10.72,undefined,undefined,undefined
1482192000,10.17,undefined,undefined,undefined
1482105600,10.25,undefined,undefined,undefined
1482019200,10.62,undefined,undefined,undefined
1481932800,10.41,undefined,undefined,undefined
1481846400,10.56,undefined,undefined,undefined
1481760000,10.21,undefined,undefined,undefined
1481673600,10.87,undefined,undefined,undefined
1481587200,11,undefined,undefined,undefined
1481500800,11.18,undefined,undefined,undefined
1481414400,10.93,undefined,undefined,undefined
1481328000,10.73,undefined,undefined,undefined
1481241600,11.32,undefined,undefined,undefined
1481155200,10.95,undefined,undefined,undefined
1481068800,10.98,undefined,undefined,undefined
1480982400,10.32,undefined,undefined,undefined
1480896000,8.95,undefined,undefined,undefined
1480809600,9.97,undefined,undefined,undefined
1480723200,10.51,undefined,undefined,undefined
1480636800,10.12,undefined,undefined,undefined
1480550400,11.29,undefined,undefined,undefined
1480464000,11.57,undefined,undefined,undefined
1480377600,10.99,undefined,undefined,undefined
1480291200,11.87,undefined,undefined,undefined
1480204800,12.15,undefined,undefined,undefined
1480118400,12.58,undefined,undefined,undefined
1480032000,12.6,undefined,undefined,undefined
1479945600,12.43,undefined,undefined,undefined
1479859200,13.07,undefined,undefined,undefined
1479772800,13.17,undefined,undefined,undefined
1479686400,12.79,undefined,undefined,undefined
1479600000,12.93,undefined,undefined,undefined
1479513600,12.86,undefined,undefined,undefined
1479427200,12.66,undefined,undefined,undefined
1479340800,13.27,undefined,undefined,undefined
1479254400,13.4,undefined,undefined,undefined
1479168000,13.81,undefined,undefined,undefined
1479081600,13.55,undefined,undefined,undefined
1478995200,13.46,undefined,undefined,undefined
1478908800,13.44,undefined,undefined,undefined
1478822400,13.85,undefined,undefined,undefined
1478736000,14.04,undefined,undefined,undefined
1478649600,14.35,undefined,undefined,undefined
1478563200,14.36,undefined,undefined,undefined
1478476800,14.62,undefined,undefined,undefined
1478390400,14.55,undefined,undefined,undefined
1478304000,14.86,undefined,undefined,undefined
1478217600,14.87,undefined,undefined,undefined
1478131200,15.54,undefined,undefined,undefined
1478044800,14.36,undefined,undefined,undefined
1477958400,14.33,undefined,undefined,undefined
1477872000,14.66,undefined,undefined,undefined
1477785600,15.12,undefined,undefined,undefined
1477699200,13.36,undefined,undefined,undefined
1477612800,14.54,undefined,undefined,undefined
1477526400,15.14,undefined,undefined,undefined
1477440000,14.9,undefined,undefined,undefined
1477353600,15.22,undefined,undefined,undefined
1477267200,15.9,undefined,undefined,undefined
1477180800,15.96,undefined,undefined,undefined
1477094400,16.08,undefined,undefined,undefined
1477008000,16.19,undefined,undefined,undefined
1476921600,15.83,undefined,undefined,undefined
1476835200,15.93,undefined,undefined,undefined
1476748800,16.56,undefined,undefined,undefined
1476662400,15.86,undefined,undefined,undefined
1476576000,15.7,undefined,undefined,undefined
1476489600,15.76,undefined,undefined,undefined
1476403200,15.64,undefined,undefined,undefined
1476316800,16.12,undefined,undefined,undefined
1476230400,15.48,undefined,undefined,undefined
1476144000,15.5,undefined,undefined,undefined
1476057600,15.53,undefined,undefined,undefined
1475971200,15.95,undefined,undefined,undefined
1475884800,16.04,undefined,undefined,undefined
1475798400,16.77,undefined,undefined,undefined
1475712000,17.08,undefined,undefined,undefined
1475625600,17.26,undefined,undefined,undefined
1475539200,17.68,undefined,undefined,undefined
1475452800,17.83,undefined,undefined,undefined
1475366400,17.5,undefined,undefined,undefined
1475280000,17.39,undefined,undefined,undefined
1475193600,17.46,undefined,undefined,undefined
1475107200,17.31,undefined,undefined,undefined
1475020800,17.7,undefined,undefined,undefined
1474934400,17.4,undefined,undefined,undefined
1474848000,17.05,undefined,undefined,undefined
1474761600,17.23,undefined,undefined,undefined
1474675200,17.1,undefined,undefined,undefined
1474588800,17.66,undefined,undefined,undefined
1474502400,17.46,undefined,undefined,undefined
1474416000,18.33,undefined,undefined,undefined
1474329600,19.05,undefined,undefined,undefined
1474243200,17.18,undefined,undefined,undefined
1474156800,16.08,undefined,undefined,undefined
1474070400,17.01,undefined,undefined,undefined
1473984000,16.81,undefined,undefined,undefined
1473897600,15.86,undefined,undefined,undefined
1473811200,15.78,undefined,undefined,undefined
1473724800,15.85,undefined,undefined,undefined
1473638400,15.68,undefined,undefined,undefined
1473552000,14.89,undefined,undefined,undefined
1473465600,15.68,undefined,undefined,undefined
1473379200,14.9,undefined,undefined,undefined
1473292800,14.68,undefined,undefined,undefined
1473206400,14.86,undefined,undefined,undefined
1473120000,15.01,undefined,undefined,undefined
1473033600,15.31,undefined,undefined,undefined
1472947200,15.23,undefined,undefined,undefined
1472860800,15.13,undefined,undefined,undefined
1472774400,15.85,undefined,undefined,undefined
1472688000,16,undefined,undefined,undefined
1472601600,15.13,undefined,undefined,undefined
1472515200,14.72,undefined,undefined,undefined
1472428800,14.3,undefined,undefined,undefined
1472342400,14.06,undefined,undefined,undefined
1472256000,14.59,undefined,undefined,undefined
1472169600,14.61,undefined,undefined,undefined
1472083200,14.37,undefined,undefined,undefined
1471996800,14.31,undefined,undefined,undefined
1471910400,14.21,undefined,undefined,undefined
1471824000,14.22,undefined,undefined,undefined
1471737600,14.4,undefined,undefined,undefined
1471651200,14.53,undefined,undefined,undefined
1471564800,14,undefined,undefined,undefined
1471478400,13.82,undefined,undefined,undefined
1471392000,13.92,undefined,undefined,undefined
1471305600,14.14,undefined,undefined,undefined
1471219200,15.31,undefined,undefined,undefined
1471132800,14.02,undefined,undefined,undefined
1471046400,14.34,undefined,undefined,undefined
1470960000,13.67,undefined,undefined,undefined
1470873600,16.9,undefined,undefined,undefined
1470787200,15.84,undefined,undefined,undefined
1470700800,17.19,undefined,undefined,undefined
1470614400,16.92,undefined,undefined,undefined
1470528000,13.41,undefined,undefined,undefined
1470441600,14.86,undefined,undefined,undefined
1470355200,16.92,undefined,undefined,undefined
1470268800,15.77,undefined,undefined,undefined
1470182400,15.63,undefined,undefined,undefined
1470096000,10.87,undefined,undefined,undefined
1470009600,14.87,undefined,undefined,undefined
1469923200,18.05,undefined,undefined,undefined
1469836800,15.64,undefined,undefined,undefined
1469750400,16.88,undefined,undefined,undefined
1469664000,16.8,undefined,undefined,undefined
1469577600,17.37,undefined,undefined,undefined
1469491200,15.96,undefined,undefined,undefined
1469404800,18.57,undefined,undefined,undefined
1469318400,16.73,undefined,undefined,undefined
1469232000,18.87,undefined,undefined,undefined
1469145600,19.27,undefined,undefined,undefined
1469059200,16.31,undefined,undefined,undefined
1468972800,16.06,undefined,undefined,undefined
1468886400,15.07,undefined,undefined,undefined
1468800000,14.2,undefined,undefined,undefined
1468713600,14.38,undefined,undefined,undefined
1468627200,15.16,undefined,undefined,undefined
1468540800,15.68,undefined,undefined,undefined
1468454400,15.14,undefined,undefined,undefined
1468368000,13.73,undefined,undefined,undefined
1468281600,13.64,undefined,undefined,undefined
1468195200,13.83,undefined,undefined,undefined
1468108800,14.39,undefined,undefined,undefined
1468022400,14.27,undefined,undefined,undefined
1467936000,14.83,undefined,undefined,undefined
1467849600,13.35,undefined,undefined,undefined
1467763200,13.64,undefined,undefined,undefined
1467676800,13.91,undefined,undefined,undefined
1467590400,14.79,undefined,undefined,undefined
1467504000,15.54,undefined,undefined,undefined
1467417600,15.89,undefined,undefined,undefined
1467331200,16.14,undefined,undefined,undefined
1467244800,15.93,undefined,undefined,undefined
1467158400,16.79,undefined,undefined,undefined
1467072000,15.69,undefined,undefined,undefined
1466985600,18.5,undefined,undefined,undefined
1466899200,17.9,undefined,undefined,undefined
1466812800,19.34,undefined,undefined,undefined
1466726400,18.54,undefined,undefined,undefined
1466640000,17.78,undefined,undefined,undefined
1466553600,16.91,undefined,undefined,undefined
1466467200,16.51,undefined,undefined,undefined
1466380800,14.68,undefined,undefined,undefined
1466294400,16.25,undefined,undefined,undefined
1466208000,14.79,undefined,undefined,undefined
1466121600,20.6,undefined,undefined,undefined
1466035200,27.28,undefined,undefined,undefined
1465948800,23.7,undefined,undefined,undefined
1465862400,24.03,undefined,undefined,undefined
1465776000,22.52,undefined,undefined,undefined
1465689600,20.46,undefined,undefined,undefined
1465603200,17.77,undefined,undefined,undefined
1465516800,17.95,undefined,undefined,undefined
1465430400,18.41,undefined,undefined,undefined
1465344000,18.38,undefined,undefined,undefined
1465257600,18.44,undefined,undefined,undefined
1465171200,17.83,undefined,undefined,undefined
1465084800,18.22,undefined,undefined,undefined
1464998400,17.9,undefined,undefined,undefined
1464912000,18.04,undefined,undefined,undefined
1464825600,18.17,undefined,undefined,undefined
1464739200,18.13,undefined,undefined,undefined
1464652800,18.33,undefined,undefined,undefined
1464566400,16.55,undefined,undefined,undefined
1464480000,16.23,undefined,undefined,undefined
1464393600,15.25,undefined,undefined,undefined
1464307200,14.47,undefined,undefined,undefined
1464220800,16.34,undefined,undefined,undefined
1464134400,16.42,undefined,undefined,undefined
1464048000,16.66,undefined,undefined,undefined
1463961600,17.77,undefined,undefined,undefined
1463875200,18.91,undefined,undefined,undefined
1463788800,18.44,undefined,undefined,undefined
1463702400,18.15,undefined,undefined,undefined
1463616000,19.37,undefined,undefined,undefined
1463529600,17.44,undefined,undefined,undefined
1463443200,15.68,undefined,undefined,undefined
1463356800,14.37,undefined,undefined,undefined
1463270400,13.06,undefined,undefined,undefined
1463184000,13.22,undefined,undefined,undefined
1463097600,13.6,undefined,undefined,undefined
1463011200,13.09,undefined,undefined,undefined
1462924800,12.83,undefined,undefined,undefined
1462838400,12.27,undefined,undefined,undefined
1462752000,11.79,undefined,undefined,undefined
1462665600,12.35,undefined,undefined,undefined
1462579200,12.17,undefined,undefined,undefined
1462492800,12.02,undefined,undefined,undefined
1462406400,12.74,undefined,undefined,undefined
1462320000,12.07,undefined,undefined,undefined
1462233600,11.78,undefined,undefined,undefined
1462147200,12.77,undefined,undefined,undefined
1462060800,11.21,undefined,undefined,undefined
1461974400,11.38,undefined,undefined,undefined
1461888000,9.45,undefined,undefined,undefined
1461801600,9.17,undefined,undefined,undefined
1461715200,9.79,undefined,undefined,undefined
1461628800,9.38,undefined,undefined,undefined
1461542400,9.47,undefined,undefined,undefined
1461456000,10.18,undefined,undefined,undefined
1461369600,10.71,undefined,undefined,undefined
1461283200,9.81,undefined,undefined,undefined
1461196800,10.31,undefined,undefined,undefined
1461110400,10.89,undefined,undefined,undefined
1461024000,11.04,undefined,undefined,undefined
1460937600,11.57,undefined,undefined,undefined
1460851200,12.79,undefined,undefined,undefined
1460764800,11.12,undefined,undefined,undefined
1460678400,10.67,undefined,undefined,undefined
1460592000,10.85,undefined,undefined,undefined
1460505600,10.31,undefined,undefined,undefined
1460419200,9.69,undefined,undefined,undefined
1460332800,11.23,undefined,undefined,undefined
1460246400,11.54,undefined,undefined,undefined
1460160000,12.03,undefined,undefined,undefined
1460073600,12.64,undefined,undefined,undefined
1459987200,13.25,undefined,undefined,undefined
1459900800,14,undefined,undefined,undefined
1459814400,13.62,undefined,undefined,undefined
1459728000,14.55,undefined,undefined,undefined
1459641600,15.01,undefined,undefined,undefined
1459555200,15.09,undefined,undefined,undefined
1459468800,15.22,undefined,undefined,undefined
1459382400,14.76,undefined,undefined,undefined
1459296000,15.51,undefined,undefined,undefined
1459209600,15.57,undefined,undefined,undefined
1459123200,15.41,undefined,undefined,undefined
1459036800,13.74,undefined,undefined,undefined
1458950400,14.61,undefined,undefined,undefined
1458864000,14.1,undefined,undefined,undefined
1458777600,14.63,undefined,undefined,undefined
1458691200,16.4,undefined,undefined,undefined
1458604800,14.64,undefined,undefined,undefined
1458518400,15.58,undefined,undefined,undefined
1458432000,13.27,undefined,undefined,undefined
1458345600,13.6,undefined,undefined,undefined
1458259200,14.04,undefined,undefined,undefined
1458172800,14.24,undefined,undefined,undefined
1458086400,16.91,undefined,undefined,undefined
1458000000,17.27,undefined,undefined,undefined
1457913600,16.54,undefined,undefined,undefined
1457827200,19.87,undefined,undefined,undefined
1457740800,18.06,undefined,undefined,undefined
1457654400,14.83,undefined,undefined,undefined
1457568000,14.96,undefined,undefined,undefined
1457481600,15.72,undefined,undefined,undefined
1457395200,13.05,undefined,undefined,undefined
1457308800,12.56,undefined,undefined,undefined
1457222400,14.69,undefined,undefined,undefined
1457136000,14.66,undefined,undefined,undefined
1457049600,13.41,undefined,undefined,undefined
1456963200,12.72,undefined,undefined,undefined
1456876800,11.24,undefined,undefined,undefined
1456790400,10.21,undefined,undefined,undefined
1456704000,8.54,undefined,undefined,undefined
1456617600,8.76,undefined,undefined,undefined
1456531200,8.62,undefined,undefined,undefined
1456444800,8.04,undefined,undefined,undefined
1456358400,8.05,undefined,undefined,undefined
1456272000,8.4,undefined,undefined,undefined
1456185600,7.75,undefined,undefined,undefined
1456099200,7.74,undefined,undefined,undefined
1456012800,6.47,undefined,undefined,undefined
1455926400,5.92,undefined,undefined,undefined
1455840000,6.2,undefined,undefined,undefined
1455753600,5.96,undefined,undefined,undefined
1455667200,5.05,undefined,undefined,undefined
1455580800,6.03,undefined,undefined,undefined
1455494400,7.22,undefined,undefined,undefined
1455408000,7.07,undefined,undefined,undefined
1455321600,7.21,undefined,undefined,undefined
1455235200,7.63,undefined,undefined,undefined
1455148800,8.24,undefined,undefined,undefined
1455062400,6.16,undefined,undefined,undefined
1454976000,5.11,undefined,undefined,undefined
1454889600,4.45,undefined,undefined,undefined
1454803200,4.12,undefined,undefined,undefined
1454716800,3.51,undefined,undefined,undefined
1454630400,3.52,undefined,undefined,undefined
1454544000,3.53,undefined,undefined,undefined
1454457600,3.46,undefined,undefined,undefined
1454371200,3.36,undefined,undefined,undefined
1454284800,3.09,undefined,undefined,undefined
1454198400,3.29,undefined,undefined,undefined
1454112000,3.42,undefined,undefined,undefined
1454025600,3.46,undefined,undefined,undefined
1453939200,3.54,undefined,undefined,undefined
1453852800,3.38,undefined,undefined,undefined
1453766400,3.06,undefined,undefined,undefined
1453680000,3.54,undefined,undefined,undefined
1453593600,3.01,undefined,undefined,undefined
1453507200,2.87,undefined,undefined,undefined
1453420800,2.11,undefined,undefined,undefined
1453334400,2.21,undefined,undefined,undefined
1453248000,2.16,undefined,undefined,undefined
1453161600,1.98,undefined,undefined,undefined
1453075200,2.03,undefined,undefined,undefined
1452988800,1.92,undefined,undefined,undefined
1452902400,1.77,undefined,undefined,undefined
1452816000,1.75,undefined,undefined,undefined
1452729600,1.67,undefined,undefined,undefined
1452643200,1.63,undefined,undefined,undefined
1452556800,1.65,undefined,undefined,undefined
1452470400,1.5,undefined,undefined,undefined
1452384000,1.42,undefined,undefined,undefined
1452297600,1.41,undefined,undefined,undefined
1452211200,1.41,undefined,undefined,undefined
1452124800,1.34,undefined,undefined,undefined
1452038400,1.35,undefined,undefined,undefined
1451952000,1.34,undefined,undefined,undefined
1451865600,1.33,undefined,undefined,undefined
1451779200,1.33,undefined,undefined,undefined
1451692800,1.3,undefined,undefined,undefined
1451606400,1.29,undefined,undefined,undefined
1451520000,1.29,undefined,undefined,undefined
1451433600,1.26,undefined,undefined,undefined
1451347200,1.2,undefined,undefined,undefined
1451260800,1.17,undefined,undefined,undefined
1451174400,1.19,undefined,undefined,undefined
1451088000,1.19,undefined,undefined,undefined
1451001600,1.2,undefined,undefined,undefined
1450915200,1.19,undefined,undefined,undefined
1450828800,1.18,undefined,undefined,undefined
1450742400,1.2,undefined,undefined,undefined
1450656000,1.24,undefined,undefined,undefined
1450569600,1.26,undefined,undefined,undefined
1450483200,1.26,undefined,undefined,undefined
1450396800,1.28,undefined,undefined,undefined
1450310400,1.31,undefined,undefined,undefined
1450224000,1.36,undefined,undefined,undefined
1450137600,1.39,undefined,undefined,undefined
1450051200,1.36,undefined,undefined,undefined
1449964800,1.32,undefined,undefined,undefined
1449878400,1.36,undefined,undefined,undefined
1449792000,1.25,undefined,undefined,undefined
1449705600,1.16,undefined,undefined,undefined
1449619200,1.07,undefined,undefined,undefined
1449532800,1.09,undefined,undefined,undefined
1449446400,1.07,undefined,undefined,undefined
1449360000,1.12,undefined,undefined,undefined
1449273600,1.12,undefined,undefined,undefined
1449187200,1.12,undefined,undefined,undefined
1449100800,1.11,undefined,undefined,undefined
1449014400,1.09,undefined,undefined,undefined
1448928000,1.15,undefined,undefined,undefined
1448841600,1.16,undefined,undefined,undefined
1448755200,1.15,undefined,undefined,undefined
1448668800,1.22,undefined,undefined,undefined
1448582400,1.15,undefined,undefined,undefined
1448496000,1.16,undefined,undefined,undefined
1448409600,1.15,undefined,undefined,undefined
1448323200,1.22,undefined,undefined,undefined
1448236800,1.26,undefined,undefined,undefined
1448150400,1.28,undefined,undefined,undefined
1448064000,1.3,undefined,undefined,undefined
1447977600,1.23,undefined,undefined,undefined
1447891200,1.27,undefined,undefined,undefined
1447804800,1.33,undefined,undefined,undefined
1447718400,1.34,undefined,undefined,undefined
1447632000,1.26,undefined,undefined,undefined
1447545600,1.22,undefined,undefined,undefined
1447459200,1.2,undefined,undefined,undefined
1447372800,1.19,undefined,undefined,undefined
1447286400,1.18,undefined,undefined,undefined
1447200000,1.03,undefined,undefined,undefined
1447113600,1.21,undefined,undefined,undefined
1447027200,1.32,undefined,undefined,undefined
1446940800,1.34,undefined,undefined,undefined
1446854400,1.22,undefined,undefined,undefined
1446768000,1.23,undefined,undefined,undefined
1446681600,1.18,undefined,undefined,undefined
1446595200,1.16,undefined,undefined,undefined
1446508800,1.32,undefined,undefined,undefined
1446422400,1.3,undefined,undefined,undefined
1446336000,1.34,undefined,undefined,undefined
1446249600,1.19,undefined,undefined,undefined
1446163200,1.37,undefined,undefined,undefined
1446076800,1.55,undefined,undefined,undefined
1445990400,1.33,undefined,undefined,undefined
1445904000,1.15,undefined,undefined,undefined
1445817600,0.9813,undefined,undefined,undefined
1445731200,0.8724,undefined,undefined,undefined
1445644800,0.7392,undefined,undefined,undefined
1445558400,0.6815,undefined,undefined,undefined
1445472000,0.7622,undefined,undefined,undefined
1445385600,0.5755,undefined,undefined,undefined
1445299200,0.5635,undefined,undefined,undefined
1445212800,0.636,undefined,undefined,undefined
1445126400,0.6769,undefined,undefined,undefined
1445040000,0.7078,undefined,undefined,undefined
1444953600,0.6842,undefined,undefined,undefined
1444867200,0.7275,undefined,undefined,undefined
1444780800,0.6655,undefined,undefined,undefined
1444694400,0.7855,undefined,undefined,undefined
1444608000,0.8234,undefined,undefined,undefined
1444521600,0.8244,undefined,undefined,undefined
1444435200,0.8108,undefined,undefined,undefined
1444348800,0.8439,undefined,undefined,undefined
1444262400,0.8123,undefined,undefined,undefined
1444176000,0.8091,undefined,undefined,undefined
1444089600,0.8764,undefined,undefined,undefined
1444003200,0.8413,undefined,undefined,undefined
1443916800,0.8853,undefined,undefined,undefined
1443830400,0.914,undefined,undefined,undefined
1443744000,0.9066,undefined,undefined,undefined
1443657600,0.9132,undefined,undefined,undefined
1443571200,0.9628,undefined,undefined,undefined
1443484800,0.8835,undefined,undefined,undefined
1443398400,0.7836,undefined,undefined,undefined
1443312000,0.9503,undefined,undefined,undefined
1443225600,1.03,undefined,undefined,undefined
1443139200,0.9697,undefined,undefined,undefined
1443052800,1.07,undefined,undefined,undefined
1442966400,1.19,undefined,undefined,undefined
1442880000,1.2,undefined,undefined,undefined
1442793600,1.2,undefined,undefined,undefined
1442707200,1.25,undefined,undefined,undefined
1442620800,1.18,undefined,undefined,undefined
1442534400,1.13,undefined,undefined,undefined
1442448000,1.17,undefined,undefined,undefined
1442361600,1.19,undefined,undefined,undefined
1442275200,1.25,undefined,undefined,undefined
1442188800,1.16,undefined,undefined,undefined
1442102400,1.27,undefined,undefined,undefined
1442016000,1.39,undefined,undefined,undefined
1441929600,1.28,undefined,undefined,undefined
1441843200,1.54,undefined,undefined,undefined
1441756800,1.6,undefined,undefined,undefined
1441670400,1.63,undefined,undefined,undefined
1441584000,1.66,undefined,undefined,undefined
1441497600,1.73,undefined,undefined,undefined
1441411200,1.76,undefined,undefined,undefined
1441324800,1.7,undefined,undefined,undefined
1441238400,1.67,undefined,undefined,undefined
1441152000,1.71,undefined,undefined,undefined
1441065600,1.79,undefined,undefined,undefined
1440979200,1.79,undefined,undefined,undefined
1440892800,1.75,undefined,undefined,undefined
1440806400,1.56,undefined,undefined,undefined
1440720000,1.58,undefined,undefined,undefined
1440633600,1.51,undefined,undefined,undefined
1440547200,1.54,undefined,undefined,undefined
1440460800,1.58,undefined,undefined,undefined
1440374400,1.74,undefined,undefined,undefined
1440288000,1.96,undefined,undefined,undefined
1440201600,1.65,undefined,undefined,undefined
1440115200,2.35,undefined,undefined,undefined
1440028800,1.96,undefined,undefined,undefined
1439942400,1.79,undefined,undefined,undefined
1439856000,1.86,undefined,undefined,undefined
1439769600,1.77,undefined,undefined,undefined
1439683200,1.68,undefined,undefined,undefined
1439596800,2.48,undefined,undefined,undefined
1439510400,2.7,undefined,undefined,undefined
1439424000,2.7,undefined,undefined,undefined
1439337600,1.65,undefined,undefined,undefined
1439251200,1.37,undefined,undefined,undefined
1439164800,0.8949,undefined,undefined,undefined
1439078400,0.9855,undefined,undefined,undefined
1438992000,1.08,undefined,undefined,undefined
1438905600,3.66,undefined,undefined,undefined
